0.484,
2.02,
0.165,
0.373,
0.2,
0.002,
0.161,
0.013,
0.151,
0.426,
0.09,
0.277,
0.462,
0.134,
0.001,
0.443,
0.202,
0.009,
0.102,
0.00399999999999,
0.044,
0.00699999999999,
0.183,
0.167,
0.0,
0.074,
0.106,
0.077,
0.079,
0.18,
0.384,
0.276,
0.014,
0.065,
0.024,
0.056,
0.03,
0.001,
0.213,
0.024,
0.263,
0.161,
0.02,
0.055,
0.162,
0.048,
0.45,
0.056,
0.0,
0.02,
0.006,
0.298,
0.118,
0.203,
0.014,
0.151,
0.275,
0.229,
0.057,
0.367,
0.03,
0.419,
0.332,
0.032,
0.009,
0.047,
0.335,
0.252,
0.066,
0.011,
0.147,
0.027,
0.00200000000001,
0.253,
0.381,
0.064,
0.209,
0.045,
0.369,
0.378,
0.396,
0.085,
0.221,
0.069,
0.368,
0.01,
0.099,
0.101,
0.09,
0.212,
0.117,
0.008,
0.002,
0.06,
0.632,
0.153,
0.246,
0.464,
0.213,
0.921,
0.003,
0.11,
0.002,
0.025,
0.000999999999991,
0.076,
0.13,
0.00200000000001,
0.336,
0.00399999999999,
0.079,
0.096,
0.00700000000001,
0.322,
0.15,
0.05,
0.003,
0.012,
0.157,
0.0,
0.073,
0.326,
0.077,
0.0,
0.057,
0.101,
0.012,
0.13,
0.021,
0.126,
0.00399999999999,
0.156,
0.256,
0.083,
0.088,
0.002,
0.072,
0.416,
0.033,
0.161,
0.11,
0.278,
0.006,
0.175,
0.508,
0.071,
0.264,
0.024,
0.022,
0.078,
0.288,
0.05,
0.379,
0.201,
0.22,
0.323,
0.243,
0.041,
0.037,
0.31,
0.002,
0.386,
0.313,
0.265,
0.085,
0.059,
0.35,
0.036,
0.47,
0.103,
0.087,
0.056,
0.085,
0.011,
0.119,
0.28,
0.197,
0.053,
0.35,
0.451,
0.068,
0.056,
0.205,
0.389,
0.252,
0.133,
0.162,
0.072,
0.00399999999999,
0.305,
0.036,
0.102,
0.00699999999999,
0.079,
0.129,
0.163,
0.755,
0.218,
0.208,
0.187,
0.069,
0.519,
0.059,
0.015,
0.013,
0.033,
0.114,
0.084,
0.095,
0.008,
0.018,
0.027,
0.000999999999991,
0.014,
0.147,
0.222,
0.306,
0.009,
0.115,
0.047,
0.033,
0.034,
0.049,
0.005,
0.078,
0.135,
0.123,
0.044,
0.286,
0.003,
0.608,
0.14,
0.097,
0.019,
0.008,
0.209,
0.008,
0.145,
0.254,
0.004,
0.061,
0.004,
0.025,
0.019,
0.002,
0.016,
0.054,
0.033,
0.02,
0.259,
0.411,
0.465,
0.126,
0.256,
0.084,
0.011,
0.002,
0.034,
0.303,
0.024,
0.155,
0.107,
0.014,
0.074,
0.046,
0.098,
0.074,
0.07,
0.142,
0.112,
0.139,
0.231,
0.242,
0.814,
0.046,
0.21,
0.096,
0.224,
0.342,
0.135,
0.005,
0.041,
0.109,
0.164,
0.087,
0.358,
0.045,
0.077,
0.624,
0.1,
0.0,
0.046,
0.004,
0.087,
0.004,
0.067,
0.049,
0.179,
0.223,
0.254,
0.364,
0.195,
0.075,
0.132,
0.036,
0.443,
0.096,
0.012,
0.173,
0.003,
0.067,
0.102,
0.091,
0.089,
0.168,
0.106,
0.721,
0.012,
0.005,
0.152,
0.01,
0.172,
0.171,
0.205,
0.095,
0.265,
0.044,
0.000999999999991,
0.095,
0.323,
0.037,
0.0,
0.465,
0.128,
0.004,
0.439,
0.202,
0.151,
0.095,
0.029,
0.105,
0.476,
0.152,
0.00700000000001,
0.00400000000002,
0.08,
0.154,
0.658,
0.439,
0.234,
0.041,
0.121,
0.15,
0.077,
0.00400000000002,
0.387,
0.202,
0.14,
0.154,
0.122,
0.029,
0.044,
0.000999999999976,
0.012,
0.288,
0.00300000000001,
0.475,
0.00299999999999,
0.266,
0.021,
0.09,
0.206,
0.02,
0.579,
0.203,
0.112,
0.338,
0.049,
0.036,
0.000999999999976,
0.053,
0.000999999999976,
0.094,
0.00299999999999,
0.134,
0.138,
0.269,
0.221,
0.029,
0.194,
0.029,
0.341,
0.098,
0.037,
0.163,
0.107,
0.066,
0.541,
0.038,
0.006,
0.045,
0.016,
0.22,
0.039,
0.124,
0.317,
0.058,
0.285,
0.044,
0.272,
0.042,
0.00200000000001,
0.0,
0.011,
0.001,
0.022,
0.083,
0.00400000000002,
0.368,
0.329,
0.313,
0.001,
0.36,
0.146,
0.265,
0.191,
0.026,
0.00200000000001,
0.215,
0.153,
0.515,
0.041,
0.067,
0.071,
0.124,
0.11,
0.02,
0.711,
0.09,
0.275,
0.279,
0.046,
0.02,
0.196,
0.692,
0.094,
0.077,
0.366,
0.05,
0.316,
0.274,
0.032,
0.103,
0.00700000000001,
0.025,
0.00799999999998,
0.01,
0.178,
0.00999999999999,
0.069,
0.00199999999998,
0.048,
0.512,
0.308,
0.045,
0.045,
0.02,
0.168,
0.099,
0.00200000000001,
0.00199999999998,
0.128,
0.02,
0.014,
0.027,
0.021,
0.347,
0.00200000000001,
0.244,
0.072,
0.066,
0.022,
0.029,
0.05,
0.323,
0.038,
0.00399999999999,
0.294,
0.059,
0.046,
0.03,
0.259,
0.078,
0.026,
0.014,
0.001,
0.377,
0.097,
0.043,
0.00199999999998,
0.731,
0.00999999999999,
0.025,
0.166,
0.001,
0.086,
0.00800000000001,
0.506,
0.069,
0.006,
0.061,
0.198,
0.019,
0.022,
0.015,
0.257,
0.136,
0.05,
0.061,
0.019,
0.028,
0.012,
0.128,
0.011,
0.00700000000001,
0.453,
0.116,
0.215,
0.075,
0.247,
0.052,
0.683,
0.324,
0.101,
0.546,
0.00199999999998,
0.393,
0.043,
0.006,
0.259,
0.173,
0.7,
0.169,
0.00399999999999,
0.591,
0.174,
0.055,
0.049,
0.377,
0.063,
0.11,
0.271,
0.001,
0.006,
0.00799999999998,
0.04,
0.02,
0.078,
0.295,
0.147,
0.00200000000001,
0.247,
0.072,
0.648,
0.025,
0.006,
0.544,
0.363,
0.084,
0.067,
0.017,
0.032,
0.112,
0.262,
0.00400000000002,
0.039,
0.163,
0.00899999999999,
0.00399999999999,
0.019,
0.453,
0.054,
0.088,
0.02,
0.32,
0.00200000000001,
0.212,
0.244,
0.144,
0.038,
0.114,
0.569,
0.011,
0.067,
0.086,
0.049,
0.046,
0.014,
0.092,
0.005,
0.086,
0.18,
0.001,
0.171,
0.142,
0.06,
0.062,
0.005,
0.049,
0.143,
0.057,
0.105,
0.046,
0.154,
0.1,
0.062,
0.528,
0.123,
0.019,
0.011,
0.087,
0.061,
0.085,
0.047,
0.328,
0.00700000000001,
0.328,
0.048,
0.00399999999999,
0.031,
0.108,
0.15,
0.105,
0.09,
0.0,
0.005,
0.00700000000001,
0.00199999999998,
0.011,
0.168,
0.159,
0.086,
0.137,
0.001,
0.296,
0.00800000000001,
0.162,
0.071,
0.00899999999999,
0.224,
0.00999999999999,
0.056,
0.207,
0.201,
0.006,
0.222,
0.218,
0.374,
0.056,
0.056,
0.493,
0.028,
0.231,
0.387,
0.005,
0.12,
0.00999999999999,
0.116,
0.185,
0.371,
0.518,
0.68,
0.00300000000001,
0.052,
0.00299999999999,
0.165,
0.00899999999999,
0.075,
0.395,
0.044,
0.406,
1.311,
0.034,
0.437,
0.158,
0.011,
0.227,
0.136,
0.00399999999999,
0.17,
0.182,
0.00399999999999,
0.403,
0.062,
0.127,
0.0,
0.306,
0.317,
0.018,
0.163,
0.00800000000001,
0.548,
0.28,
0.12,
0.038,
0.138,
0.318,
0.156,
0.069,
0.084,
0.06,
0.05,
0.138,
0.013,
0.043,
0.098,
0.085,
0.343,
0.011,
0.018,
0.067,
0.329,
0.092,
0.051,
0.000999999999976,
0.138,
0.076,
0.01,
0.204,
0.00900000000001,
0.245,
0.012,
0.097,
0.00699999999998,
0.118,
0.615,
0.001,
0.085,
0.048,
0.113,
0.175,
0.001,
0.00200000000001,
0.054,
0.00199999999998,
0.238,
0.152,
0.119,
0.017,
0.082,
0.012,
0.183,
0.495,
0.099,
0.15,
0.02,
0.085,
0.016,
0.422,
0.00200000000001,
0.043,
0.119,
0.0,
0.461,
0.027,
0.026,
0.151,
0.187,
0.035,
0.615,
0.00400000000002,
0.405,
0.00199999999998,
0.223,
0.098,
0.0,
0.038,
0.006,
0.028,
0.059,
0.102,
0.033,
0.28,
0.093,
0.021,
0.071,
0.056,
0.06,
0.158,
0.051,
0.563,
0.05,
0.00200000000001,
0.359,
0.165,
0.414,
0.025,
0.132,
0.00399999999999,
0.145,
0.065,
0.00799999999998,
0.013,
0.048,
0.00999999999999,
0.018,
0.00700000000001,
0.4,
0.032,
0.04,
0.023,
0.172,
0.137,
0.011,
0.052,
0.3,
0.278,
0.303,
0.021,
0.157,
0.124,
0.143,
0.015,
0.152,
0.043,
0.094,
0.037,
0.05,
0.898,
0.016,
0.006,
0.18,
0.00400000000002,
0.12,
0.164,
0.156,
0.033,
0.124,
0.00800000000001,
0.715,
0.021,
0.021,
0.307,
0.00900000000001,
0.161,
0.361,
0.03,
0.431,
0.109,
0.016,
0.284,
0.006,
0.049,
1.015,
0.335,
0.228,
0.137,
0.043,
0.023,
0.014,
0.0,
0.053,
0.172,
0.00300000000001,
0.054,
0.723,
0.031,
0.504,
0.103,
0.00700000000001,
0.065,
0.231,
0.058,
0.00700000000001,
0.277,
0.151,
0.025,
0.167,
0.013,
0.00999999999999,
0.217,
0.005,
0.287,
0.043,
0.082,
0.082,
0.458,
0.171,
0.048,
0.013,
0.455,
0.073,
0.114,
0.09,
0.073,
0.663,
0.333,
0.026,
0.113,
0.337,
0.033,
0.035,
0.00300000000001,
0.055,
0.00300000000001,
0.012,
0.016,
0.07,
0.196,
0.184,
0.038,
0.194,
0.128,
0.012,
0.108,
0.102,
0.006,
0.00299999999999,
0.621,
0.424,
0.00799999999998,
0.001,
0.071,
0.03,
0.051,
0.621,
0.074,
0.164,
0.104,
0.0,
0.19,
0.076,
0.028,
0.314,
0.006,
0.012,
0.796,
0.149,
0.166,
0.023,
0.014,
0.323,
0.032,
0.292,
0.028,
0.088,
0.035,
0.0,
0.092,
0.074,
0.00200000000001,
0.156,
0.108,
0.699,
0.556,
0.304,
0.00200000000001,
0.501,
0.012,
0.206,
0.204,
0.00999999999999,
0.16,
0.043,
0.135,
0.1,
0.106,
1.076,
0.02,
0.016,
0.00399999999999,
0.00300000000001,
0.183,
0.059,
1.026,
0.157,
0.042,
0.485,
0.00800000000001,
0.468,
0.00200000000001,
0.259,
0.123,
0.118,
0.12,
0.048,
0.013,
0.033,
0.006,
0.00899999999999,
0.073,
0.539,
0.24,
0.016,
0.156,
0.001,
0.128,
0.111,
0.171,
0.00200000000001,
0.477,
0.187,
0.081,
0.00999999999999,
0.00999999999999,
0.049,
0.487,
0.368,
0.044,
0.052,
0.016,
0.024,
0.272,
0.001,
0.046,
0.173,
0.197,
0.001,
0.18,
0.021,
0.139,
0.017,
0.389,
0.141,
0.407,
0.149,
0.033,
0.123,
0.113,
0.072,
0.068,
0.011,
0.297,
0.159,
0.067,
0.335,
0.03,
0.256,
0.174,
0.00900000000001,
0.054,
0.484,
0.12,
0.00700000000001,
0.086,
0.019,
0.00800000000001,
0.073,
0.149,
0.348,
0.036,
0.151,
0.012,
0.085,
0.272,
0.276,
0.0,
0.046,
0.184,
0.00199999999998,
0.135,
0.175,
0.059,
0.168,
0.089,
0.006,
0.209,
0.521,
0.33,
0.19,
0.185,
0.411,
0.011,
0.298,
0.621,
0.128,
0.012,
0.005,
0.047,
0.078,
0.326,
0.339,
0.028,
0.433,
0.079,
0.027,
0.00899999999999,
0.005,
0.173,
0.057,
0.029,
0.272,
0.225,
0.005,
0.391,
0.00399999999999,
0.044,
0.085,
0.063,
0.322,
0.198,
0.114,
0.049,
0.02,
0.00299999999999,
0.08,
0.24,
0.018,
0.281,
0.075,
0.434,
0.018,
0.315,
0.022,
0.0,
0.283,
0.015,
0.006,
0.006,
0.084,
0.015,
0.27,
0.247,
0.611,
0.105,
0.18,
0.00700000000001,
0.361,
0.054,
0.00200000000001,
0.316,
0.093,
0.465,
0.101,
0.032,
0.092,
0.029,
0.049,
0.336,
0.031,
0.224,
0.00299999999999,
0.108,
0.212,
0.022,
0.111,
0.311,
0.154,
0.066,
0.196,
0.006,
0.746,
0.053,
0.00699999999998,
0.1,
0.005,
0.147,
0.155,
0.033,
0.00899999999999,
0.163,
0.849,
0.087,
0.125,
0.132,
0.053,
0.062,
0.00999999999999,
0.142,
0.578,
0.308,
0.058,
0.147,
0.106,
0.049,
0.193,
0.199,
0.103,
0.014,
0.405,
0.111,
0.037,
0.17,
0.021,
0.096,
0.476,
0.00500000000002,
0.263,
0.643,
0.022,
0.157,
0.021,
0.07,
0.283,
0.09,
0.00300000000001,
0.089,
0.00800000000001,
0.183,
0.09,
0.019,
0.36,
0.141,
0.291,
0.099,
0.08,
0.272,
0.006,
0.042,
0.074,
0.05,
0.018,
0.292,
0.118,
0.021,
0.245,
0.321,
0.042,
0.247,
0.033,
0.392,
0.00700000000001,
0.001,
0.047,
0.016,
0.00200000000001,
0.047,
0.087,
0.014,
0.112,
0.03,
0.214,
0.024,
0.106,
0.000999999999976,
0.085,
0.338,
0.795,
0.063,
0.295,
0.000999999999976,
0.092,
0.036,
0.00600000000003,
0.145,
0.013,
0.069,
0.071,
0.00999999999999,
0.172,
0.061,
0.037,
0.154,
0.054,
0.00799999999998,
0.098,
0.448,
0.186,
0.656,
0.128,
0.000999999999976,
0.157,
0.217,
0.156,
0.00200000000001,
0.1,
0.142,
0.02,
0.00700000000001,
0.093,
0.219,
0.094,
0.024,
0.245,
0.307,
0.023,
0.08,
0.00299999999999,
0.065,
0.096,
0.0,
0.129,
0.06,
0.00999999999999,
0.024,
0.063,
0.03,
0.018,
0.129,
0.744,
0.00800000000004,
0.058,
0.257,
0.012,
0.252,
0.014,
0.175,
0.052,
0.028,
0.5,
0.15,
0.036,
0.00599999999997,
0.049,
0.276,
0.038,
0.04,
0.256,
0.00400000000002,
0.225,
0.359,
0.123,
0.082,
0.651,
0.015,
0.005,
0.385,
0.00999999999999,
0.212,
0.217,
0.034,
0.011,
0.014,
0.061,
0.123,
0.248,
0.337,
0.067,
0.00600000000003,
0.02,
0.287,
0.044,
0.317,
0.13,
0.113,
0.16,
0.344,
0.357,
0.013,
0.00999999999999,
0.00399999999996,
0.00300000000004,
0.027,
0.097,
0.0,
0.145,
0.106,
0.144,
0.556,
0.005,
0.077,
0.207,
0.086,
0.005,
0.00599999999997,
0.00300000000004,
0.00199999999995,
0.018,
0.077,
0.107,
0.15,
0.217,
0.139,
0.034,
0.195,
0.215,
0.16,
0.00600000000003,
0.028,
0.048,
0.012,
0.276,
0.039,
0.16,
0.015,
0.38,
0.018,
0.3,
0.00799999999998,
0.00200000000001,
0.294,
0.0,
0.034,
0.038,
0.138,
0.026,
0.00100000000003,
0.129,
0.00600000000003,
0.43,
0.197,
0.054,
0.303,
0.041,
0.075,
0.01,
0.188,
0.00200000000001,
0.348,
0.00300000000004,
0.000999999999976,
0.111,
0.018,
0.069,
0.00300000000004,
0.031,
0.452,
0.00599999999997,
0.144,
0.03,
0.00100000000003,
0.000999999999976,
0.00200000000001,
0.172,
0.017,
0.425,
0.099,
0.112,
0.036,
0.035,
0.00200000000001,
0.042,
0.237,
0.038,
0.00599999999997,
0.00400000000002,
0.391,
0.09,
0.0,
0.000999999999976,
0.053,
0.459,
0.013,
0.242,
0.00600000000003,
0.012,
0.262,
0.193,
0.237,
0.122,
0.00800000000004,
0.024,
0.00799999999998,
0.073,
0.04,
0.042,
0.0429999999999,
0.316,
0.06,
0.492,
0.00400000000002,
0.121,
0.00300000000004,
0.02,
0.005,
0.027,
0.067,
0.762,
0.021,
0.438,
0.359,
0.569,
0.052,
0.04,
0.045,
0.00200000000001,
0.00299999999999,
0.014,
0.445,
0.0,
0.311,
0.37,
0.022,
0.0,
0.00200000000001,
0.00799999999998,
0.013,
0.023,
0.096,
0.051,
0.011,
0.058,
0.288,
0.039,
0.268,
0.203,
0.023,
0.046,
0.019,
0.391,
0.041,
0.012,
0.14,
0.088,
0.279,
0.117,
0.0,
0.018,
0.643,
0.069,
0.392,
0.058,
0.074,
0.02,
0.224,
0.694,
0.00200000000001,
0.114,
0.00599999999997,
0.168,
0.126,
0.498,
0.041,
0.691,
0.38,
0.243,
0.173,
0.142,
0.116,
0.00399999999996,
0.159,
0.013,
0.00599999999997,
0.00600000000003,
0.301,
0.031,
0.475,
0.34,
0.153,
0.291,
0.012,
0.037,
0.254,
0.258,
0.328,
0.779,
0.141,
0.033,
0.651,
0.072,
0.077,
0.187,
0.04,
0.192,
0.075,
0.122,
0.052,
0.159,
0.012,
0.257,
0.005,
0.000999999999976,
0.00200000000001,
0.313,
0.054,
0.083,
0.445,
0.527,
0.018,
0.068,
0.005,
0.46,
0.018,
0.218,
0.00599999999997,
0.146,
0.0,
0.706,
1.086,
0.00700000000001,
0.0429999999999,
0.032,
0.177,
0.088,
0.153,
0.08,
0.00299999999999,
0.299,
0.139,
0.00400000000002,
0.047,
0.352,
0.03,
0.229,
0.048,
0.00299999999999,
0.00900000000001,
0.014,
0.00199999999995,
0.055,
0.047,
0.116,
0.287,
0.01,
0.038,
0.00300000000004,
0.135,
0.013,
0.129,
0.03,
0.144,
0.315,
0.365,
0.201,
0.00599999999997,
0.108,
0.197,
0.00800000000004,
0.085,
0.399,
0.383,
0.357,
0.04,
0.333,
0.011,
0.112,
0.151,
0.014,
0.03,
0.609,
0.0,
0.0359999999999,
0.212,
0.111,
0.197,
0.093,
0.015,
0.005,
0.154,
0.277,
0.00299999999999,
0.179,
0.025,
0.00400000000002,
0.273,
0.055,
0.035,
0.042,
0.22,
0.393,
0.016,
0.085,
0.195,
0.015,
0.145,
0.00299999999999,
0.138,
0.436,
0.023,
0.055,
0.308,
0.116,
0.287,
0.068,
0.0,
0.237,
0.00800000000004,
0.852,
0.03,
0.146,
0.00400000000002,
0.026,
0.02,
0.172,
0.048,
0.14,
0.146,
0.137,
0.00100000000003,
0.344,
0.052,
0.056,
0.019,
0.00799999999998,
0.109,
0.00500000000005,
0.259,
0.014,
0.13,
0.025,
0.165,
0.00100000000003,
0.105,
0.031,
0.0,
0.19,
0.00100000000003,
0.2,
0.324,
0.021,
0.111,
0.00199999999995,
0.238,
0.01,
0.056,
0.021,
0.00299999999999,
0.00200000000001,
0.037,
0.225,
0.083,
0.269,
0.402,
0.189,
0.329,
0.0,
0.066,
0.286,
0.114,
0.204,
0.018,
0.0,
0.067,
0.122,
0.237,
0.202,
0.179,
0.262,
0.092,
0.12,
0.097,
0.052,
0.318,
0.00800000000004,
0.435,
0.00399999999996,
0.541,
0.365,
0.319,
0.07,
0.185,
0.053,
0.295,
0.095,
0.019,
0.077,
0.051,
0.059,
0.154,
0.024,
0.377,
0.107,
0.00900000000001,
0.125,
0.011,
0.076,
0.094,
0.036,
0.00700000000001,
0.184,
0.253,
0.229,
0.138,
0.016,
0.00300000000004,
0.128,
0.445,
0.088,
0.156,
0.273,
0.211,
0.074,
0.176,
0.114,
0.00200000000001,
0.47,
0.2,
0.00700000000001,
0.352,
0.00400000000002,
0.017,
0.202,
0.093,
0.028,
0.00299999999999,
0.067,
0.02,
0.144,
0.0189999999999,
0.074,
0.108,
0.19,
0.084,
0.00400000000002,
0.098,
0.066,
0.000999999999976,
0.059,
0.083,
0.054,
0.177,
0.00700000000001,
0.471,
0.076,
0.036,
0.081,
0.026,
0.034,
0.075,
0.138,
0.075,
0.045,
0.016,
0.064,
0.317,
0.00200000000001,
0.177,
0.848,
0.153,
0.278,
0.337,
0.058,
0.00999999999999,
0.058,
0.137,
0.165,
0.142,
0.014,
0.225,
0.726,
0.07,
0.05,
0.073,
0.00400000000002,
0.1,
0.278,
0.254,
0.042,
0.059,
0.04,
0.518,
0.019,
0.116,
0.108,
0.00200000000001,
0.184,
0.00999999999999,
0.00100000000003,
0.023,
0.054,
0.116,
0.00900000000001,
0.227,
0.077,
0.00800000000004,
0.0309999999999,
0.146,
0.365,
0.277,
0.296,
0.117,
0.00200000000001,
0.333,
0.00200000000001,
0.189,
0.106,
0.005,
0.074,
0.174,
0.341,
0.1,
0.044,
0.089,
0.005,
0.615,
0.00799999999998,
0.307,
0.038,
0.182,
0.092,
0.00399999999996,
0.025,
0.00900000000001,
0.0549999999999,
0.034,
0.18,
0.51,
0.158,
0.467,
0.00899999999996,
0.494,
0.349,
0.277,
0.00200000000001,
0.043,
0.049,
0.467,
0.542,
0.438,
0.117,
0.034,
0.00700000000001,
0.201,
0.039,
0.209,
0.00400000000002,
0.363,
0.249,
0.05,
0.00200000000001,
0.448,
0.166,
0.368,
0.178,
0.013,
0.204,
0.247,
0.137,
0.15,
0.019,
0.212,
0.06,
0.012,
0.508,
0.00799999999998,
0.629,
0.0,
0.057,
0.027,
0.035,
0.15,
0.011,
0.251,
0.00900000000001,
0.042,
0.106,
0.047,
0.014,
0.013,
0.000999999999976,
0.011,
0.107,
0.00299999999999,
0.215,
0.36,
0.053,
0.00700000000001,
0.067,
0.02,
0.237,
0.039,
0.303,
0.114,
0.00200000000001,
0.326,
0.0,
0.067,
0.741,
0.466,
0.055,
0.005,
0.058,
0.028,
0.047,
0.00900000000001,
0.078,
0.24,
0.00400000000002,
0.088,
0.064,
0.00700000000001,
0.035,
0.034,
0.084,
0.128,
0.138,
0.225,
0.011,
0.449,
0.045,
0.03,
0.207,
0.022,
0.105,
0.102,
0.00700000000001,
0.209,
0.532,
0.04,
0.421,
0.131,
0.147,
0.00600000000003,
0.00700000000001,
0.13,
0.046,
0.112,
0.012,
0.097,
0.084,
0.127,
0.053,
0.00700000000001,
0.055,
0.135,
0.324,
0.128,
0.00399999999996,
0.0,
0.246,
0.012,
0.057,
0.089,
0.011,
0.22,
0.195,
0.213,
0.11,
0.073,
0.00200000000001,
0.094,
0.419,
0.023,
0.436,
0.137,
0.026,
0.115,
0.078,
0.005,
0.156,
0.00799999999998,
0.081,
0.028,
0.285,
0.056,
0.00300000000004,
0.00199999999995,
0.00600000000003,
0.00799999999998,
0.046,
0.015,
0.028,
0.382,
0.156,
0.132,
0.015,
0.174,
0.063,
0.195,
0.041,
0.0,
0.305,
0.012,
0.00200000000001,
0.00199999999995,
0.063,
0.013,
0.334,
0.131,
0.074,
0.024,
0.103,
0.042,
0.25,
0.03,
0.393,
0.255,
0.00700000000001,
0.061,
0.016,
0.068,
0.104,
0.07,
0.407,
0.081,
0.0,
0.164,
0.075,
0.012,
0.000999999999976,
0.028,
0.403,
0.00400000000002,
0.029,
0.092,
0.412,
0.045,
0.00399999999996,
0.365,
0.164,
0.00800000000004,
0.072,
0.109,
0.219,
0.084,
0.301,
0.116,
0.203,
0.337,
0.018,
0.189,
0.14,
0.198,
0.25,
0.117,
0.00300000000004,
0.0,
0.254,
0.302,
0.242,
0.028,
0.049,
0.037,
0.423,
0.00600000000003,
0.132,
0.039,
0.256,
0.298,
0.011,
0.301,
0.031,
0.375,
0.154,
0.038,
0.128,
0.039,
0.066,
0.283,
0.00600000000003,
0.024,
0.014,
0.069,
0.193,
0.18,
0.114,
0.00299999999999,
0.353,
0.0,
0.142,
0.036,
0.055,
0.225,
0.04,
0.116,
0.156,
0.234,
0.094,
0.013,
0.073,
0.114,
0.06,
0.00700000000001,
0.061,
0.158,
0.00599999999997,
0.15,
0.071,
0.025,
0.052,
0.188,
0.199,
0.033,
0.272,
0.032,
0.436,
0.161,
0.021,
0.014,
0.408,
0.00300000000004,
0.103,
0.047,
0.193,
0.245,
0.028,
0.00299999999999,
0.00700000000001,
0.023,
0.0239999999999,
0.02,
0.005,
0.096,
0.00700000000001,
0.503,
0.014,
0.075,
0.013,
0.205,
0.43,
0.118,
0.367,
0.118,
0.088,
0.077,
0.00700000000001,
0.058,
0.056,
0.135,
0.53,
0.084,
0.087,
0.005,
0.297,
0.129,
0.098,
0.123,
0.00900000000001,
0.362,
0.194,
0.00800000000004,
0.126,
0.00400000000002,
0.228,
0.005,
0.019,
0.038,
0.337,
0.115,
0.24,
0.076,
0.248,
0.096,
0.00100000000003,
0.089,
0.00799999999998,
0.051,
0.161,
0.00900000000001,
0.15,
0.059,
0.15,
0.00799999999998,
0.013,
0.227,
0.037,
0.00299999999999,
0.06,
0.017,
0.00400000000002,
0.027,
0.00900000000001,
0.171,
0.127,
0.297,
0.00200000000001,
0.379,
0.05,
0.135,
0.063,
0.114,
0.517,
0.192,
0.286,
0.219,
0.068,
0.0,
0.02,
0.005,
0.164,
0.096,
0.137,
0.021,
0.204,
0.144,
0.057,
0.073,
0.015,
0.604,
0.131,
0.074,
0.00800000000004,
0.00299999999999,
0.279,
0.175,
0.015,
0.032,
0.052,
0.015,
0.019,
0.885,
0.151,
0.128,
0.00200000000001,
0.152,
0.022,
0.782,
0.144,
0.136,
0.045,
0.137,
0.04,
0.068,
0.005,
0.05,
0.00400000000002,
0.088,
0.015,
0.076,
0.031,
0.123,
0.07,
0.182,
0.00400000000002,
0.158,
0.357,
0.062,
0.049,
0.106,
0.023,
0.018,
0.056,
0.027,
0.00200000000001,
0.037,
0.047,
0.192,
0.418,
0.14,
0.042,
0.228,
0.047,
0.213,
0.41,
0.336,
0.156,
0.127,
0.147,
0.056,
0.000999999999976,
0.013,
0.0,
0.053,
0.052,
0.109,
0.095,
0.015,
0.18,
0.347,
0.257,
0.294,
0.163,
0.204,
0.111,
0.152,
0.025,
0.072,
0.22,
0.066,
0.168,
0.267,
0.013,
0.00100000000003,
0.114,
0.036,
0.262,
0.00200000000001,
0.124,
0.00299999999999,
0.048,
0.039,
0.045,
0.415,
0.226,
0.357,
0.057,
0.00799999999998,
0.000999999999976,
0.00300000000004,
0.026,
0.179,
0.075,
0.00900000000001,
0.069,
0.086,
0.599,
0.00799999999998,
0.036,
0.012,
0.334,
0.127,
0.268,
0.026,
0.162,
0.03,
0.011,
0.027,
0.191,
0.056,
0.34,
0.146,
0.32,
0.177,
0.326,
0.068,
0.039,
0.00100000000003,
0.43,
0.115,
0.0309999999999,
0.005,
0.144,
0.051,
0.17,
0.122,
0.159,
0.015,
0.038,
0.089,
0.064,
0.026,
0.023,
0.13,
0.02,
0.021,
0.0170000000001,
0.15,
0.323,
0.035,
0.393,
0.031,
0.082,
0.51,
0.068,
0.00700000000001,
0.2,
0.026,
0.019,
0.079,
0.027,
0.207,
0.218,
0.139,
0.00100000000003,
0.065,
0.172,
0.042,
0.017,
0.016,
0.014,
0.233,
0.024,
0.157,
0.044,
0.051,
0.157,
0.097,
0.011,
0.411,
0.094,
0.123,
0.00299999999999,
0.096,
0.101,
0.011,
0.084,
0.11,
0.048,
0.00200000000001,
0.188,
0.329,
0.000999999999976,
0.182,
0.117,
0.116,
0.155,
0.022,
0.027,
0.00599999999997,
0.149,
0.022,
0.304,
0.189,
0.00599999999997,
0.301,
0.522,
0.106,
0.02,
0.113,
0.00299999999999,
0.043,
0.177,
0.134,
0.061,
0.063,
0.028,
0.087,
0.2,
0.058,
0.042,
0.0,
0.024,
0.135,
0.043,
0.213,
0.00900000000001,
0.02,
0.00200000000001,
0.011,
0.294,
0.011,
0.087,
0.152,
0.069,
0.12,
0.043,
0.00599999999997,
0.058,
0.255,
0.117,
0.335,
0.039,
0.082,
0.011,
0.00299999999999,
0.168,
0.166,
0.109,
0.365,
0.248,
0.259,
0.00600000000003,
0.0,
0.055,
0.00200000000001,
0.00200000000001,
0.005,
0.181,
0.024,
0.028,
0.3,
0.0,
0.234,
0.00799999999998,
0.087,
0.026,
0.073,
0.00200000000001,
0.128,
0.034,
0.387,
0.000999999999976,
0.144,
0.088,
0.0189999999999,
0.225,
0.000999999999976,
0.135,
0.103,
0.022,
0.451,
0.14,
0.532,
0.016,
0.169,
0.00299999999999,
0.149,
0.055,
0.022,
0.012,
0.024,
0.000999999999976,
0.00300000000004,
0.005,
0.000999999999976,
0.088,
0.02,
0.012,
0.00799999999998,
0.04,
0.043,
0.176,
0.00600000000003,
0.168,
0.035,
0.14,
0.054,
0.211,
0.152,
0.00900000000001,
0.176,
0.00999999999999,
0.067,
0.015,
0.00200000000001,
0.389,
0.105,
0.00800000000004,
0.127,
0.041,
0.29,
0.228,
0.179,
0.005,
0.226,
0.021,
0.028,
0.0,
0.064,
0.205,
0.005,
0.113,
0.033,
0.033,
0.00700000000001,
0.339,
0.208,
0.274,
0.14,
0.21,
0.13,
0.074,
0.076,
0.000999999999976,
0.026,
0.031,
0.067,
0.161,
0.00999999999999,
0.073,
0.00400000000002,
0.024,
0.152,
0.173,
0.111,
0.726,
0.27,
0.417,
0.00600000000003,
0.202,
0.303,
0.13,
0.091,
0.105,
0.00300000000004,
0.285,
0.00300000000004,
0.143,
0.126,
0.056,
0.025,
0.103,
0.037,
0.038,
0.126,
0.362,
0.015,
0.047,
0.116,
0.348,
0.151,
0.2,
0.156,
0.114,
0.133,
0.118,
0.029,
0.176,
0.00299999999999,
0.06,
0.086,
0.116,
0.019,
0.032,
0.000999999999976,
0.00599999999997,
0.00100000000003,
0.039,
0.048,
0.02,
0.314,
0.00999999999999,
0.3,
0.00200000000001,
0.27,
0.012,
0.094,
0.012,
0.067,
0.018,
0.105,
0.115,
0.611,
0.058,
0.062,
0.304,
0.057,
0.00300000000004,
0.017,
0.369,
0.149,
0.091,
0.049,
0.092,
0.099,
0.019,
0.127,
0.0,
0.046,
0.00299999999999,
0.14,
0.223,
0.00900000000001,
0.069,
0.547,
0.081,
0.125,
0.00199999999995,
0.255,
0.138,
0.036,
0.00599999999997,
0.062,
0.0,
0.294,
0.131,
0.00700000000001,
0.022,
0.00799999999998,
0.158,
0.035,
0.021,
0.016,
0.238,
0.074,
0.00999999999999,
0.36,
0.044,
0.094,
0.00600000000003,
0.029,
0.136,
0.117,
0.00200000000001,
0.091,
0.313,
0.00700000000001,
0.012,
0.106,
0.383,
0.068,
0.00399999999996,
0.172,
0.0,
0.034,
0.012,
0.145,
0.013,
0.167,
0.54,
0.011,
0.137,
0.00300000000004,
0.00799999999998,
0.016,
0.27,
0.218,
0.221,
0.129,
0.316,
0.000999999999976,
0.137,
0.049,
0.087,
0.159,
0.005,
0.00799999999998,
0.035,
0.133,
0.023,
0.00299999999999,
0.041,
0.52,
0.059,
0.242,
0.336,
0.046,
0.118,
0.207,
0.000999999999976,
0.005,
0.189,
0.00200000000001,
0.465,
0.182,
0.00199999999995,
0.515,
0.354,
0.018,
0.00600000000003,
0.308,
0.00200000000001,
0.555,
0.017,
0.553,
0.132,
0.00200000000001,
0.247,
0.0,
0.278,
0.149,
0.101,
0.00400000000002,
0.599,
0.00900000000001,
0.083,
0.00900000000001,
1.103,
0.025,
0.082,
0.125,
0.023,
0.042,
0.366,
0.069,
0.279,
0.07,
0.141,
0.065,
0.283,
0.958,
0.00800000000004,
0.018,
0.138,
0.401,
0.111,
0.011,
0.059,
0.00799999999998,
0.02,
0.0,
0.00600000000003,
0.172,
0.244,
0.211,
0.0,
0.287,
0.00100000000003,
0.087,
0.084,
0.233,
0.056,
0.00900000000001,
0.048,
0.18,
0.011,
0.035,
0.622,
0.06,
0.00600000000003,
0.206,
0.027,
0.00399999999996,
0.014,
0.074,
0.336,
0.474,
0.00400000000002,
0.00700000000001,
0.376,
0.108,
0.005,
0.176,
0.015,
0.131,
0.559,
0.165,
0.058,
0.00999999999999,
0.01,
0.016,
0.946,
0.015,
0.133,
0.156,
0.012,
0.02,
0.068,
0.387,
0.228,
0.157,
0.024,
0.132,
0.00400000000002,
0.165,
0.459,
0.049,
0.342,
0.373,
0.608,
0.0,
0.025,
0.033,
0.0,
0.14,
0.00600000000003,
0.138,
0.123,
0.027,
0.608,
0.272,
0.161,
0.126,
0.00200000000001,
0.043,
0.222,
0.184,
0.12,
0.0,
0.3,
0.042,
0.000999999999976,
0.029,
0.017,
0.064,
0.00200000000001,
0.241,
0.093,
0.00599999999997,
0.03,
0.005,
0.00200000000001,
0.073,
0.139,
0.237,
0.011,
0.215,
0.00300000000004,
0.00399999999996,
0.062,
0.051,
0.189,
0.063,
0.144,
0.164,
0.071,
0.0,
0.29,
0.02,
0.03,
0.012,
0.022,
0.034,
0.452,
0.04,
0.241,
0.00699999999995,
0.154,
0.053,
0.011,
0.118,
0.222,
0.053,
0.015,
0.17,
0.262,
0.0,
0.12,
0.355,
0.072,
0.029,
0.118,
0.116,
0.189,
0.00100000000003,
0.247,
0.00100000000003,
0.139,
0.005,
0.084,
0.274,
0.106,
0.042,
0.056,
0.237,
0.022,
0.037,
0.014,
0.26,
0.063,
0.092,
0.193,
0.361,
0.29,
0.022,
0.368,
0.027,
0.033,
0.078,
0.032,
0.213,
0.708,
0.217,
0.189,
0.222,
0.321,
0.23,
0.401,
0.0,
0.155,
0.281,
0.069,
0.0,
0.228,
0.113,
0.16,
0.199,
0.105,
0.014,
0.937,
0.175,
0.294,
0.032,
0.022,
0.000999999999976,
0.295,
0.262,
0.005,
0.079,
0.042,
0.153,
0.095,
0.136,
0.02,
0.112,
0.654,
0.00400000000002,
0.235,
0.00100000000003,
0.146,
0.689,
0.301,
0.116,
0.00399999999996,
0.123,
0.00600000000003,
0.25,
0.022,
0.338,
0.016,
0.476,
0.00300000000004,
0.159,
0.038,
0.195,
0.214,
0.082,
0.03,
0.197,
0.412,
0.305,
0.208,
0.451,
0.257,
0.095,
0.023,
0.031,
0.108,
0.149,
0.222,
0.232,
0.00100000000003,
0.26,
0.291,
0.266,
0.072,
0.198,
0.269,
0.031,
0.0,
0.264,
0.005,
0.00599999999997,
0.159,
0.518,
0.00399999999996,
0.0,
0.058,
0.329,
0.00800000000004,
0.217,
0.317,
0.069,
0.00199999999995,
0.137,
0.00300000000004,
0.558,
0.005,
0.021,
0.055,
0.00399999999996,
0.153,
0.908,
0.00899999999996,
0.759,
0.049,
0.08,
0.161,
0.089,
0.142,
0.7,
0.00999999999999,
0.00600000000003,
0.473,
0.292,
0.213,
0.047,
0.00400000000002,
0.25,
0.054,
0.185,
0.189,
0.00599999999997,
0.511,
0.183,
0.00200000000001,
0.122,
0.0839999999999,
0.144,
0.038,
0.135,
0.157,
0.161,
0.035,
0.22,
0.251,
0.094,
0.103,
0.025,
0.501,
0.093,
0.005,
0.042,
0.148,
0.148,
0.00800000000004,
0.249,
0.138,
0.00299999999999,
0.04,
0.0719999999999,
0.034,
0.062,
0.03,
0.174,
0.00800000000004,
0.00699999999995,
0.076,
0.00299999999999,
0.027,
0.00700000000001,
0.03,
0.00700000000001,
0.119,
0.116,
0.159,
0.067,
0.112,
0.038,
0.124,
0.344,
0.049,
0.00600000000003,
0.303,
0.215,
0.199,
0.066,
0.462,
0.1,
0.209,
0.082,
0.053,
0.292,
0.084,
0.508,
0.206,
0.204,
0.02,
0.088,
0.175,
0.048,
0.059,
0.028,
0.411,
0.043,
0.139,
0.218,
0.112,
0.017,
0.101,
0.103,
0.082,
0.04,
0.00400000000002,
0.295,
0.221,
0.00100000000003,
0.039,
0.042,
0.00399999999996,
0.012,
0.00400000000002,
0.000999999999976,
0.024,
0.788,
0.095,
0.00399999999996,
0.656,
0.045,
0.00599999999997,
0.00800000000004,
0.161,
0.0120000000001,
0.999,
0.141,
0.0119999999999,
0.048,
0.042,
0.00700000000006,
0.0999999999999,
0.062,
0.327,
0.0300000000001,
0.005,
0.0359999999999,
0.035,
0.0730000000001,
0.00599999999997,
0.000999999999976,
0.226,
0.03,
0.00600000000009,
0.00599999999997,
0.179,
0.011,
0.00400000000002,
0.0,
0.032,
0.399,
0.352,
0.00199999999995,
0.175,
0.054,
0.152,
0.00399999999991,
0.19,
0.0309999999999,
0.0,
0.216,
0.00300000000004,
0.497,
0.2,
0.048,
0.013,
0.833,
0.087,
0.00800000000004,
0.427,
0.667,
0.821,
0.00800000000004,
0.149,
0.358,
0.168,
0.234,
0.0799999999999,
0.104,
0.134,
0.14,
0.373,
0.0319999999999,
0.137,
0.011,
0.107,
0.366,
0.226,
0.00100000000009,
0.0649999999999,
0.0410000000001,
0.184,
0.437,
0.237,
0.067,
0.00599999999997,
0.018,
0.033,
0.319,
0.195,
0.127,
0.00700000000006,
0.0369999999999,
0.115,
0.0210000000001,
0.0119999999999,
0.091,
0.042,
0.00400000000002,
0.0889999999999,
0.00200000000007,
0.0999999999999,
0.0880000000001,
0.028,
0.048,
0.313,
0.064,
0.00800000000004,
0.067,
0.00299999999993,
0.019,
0.062,
0.138,
0.082,
0.04,
0.00200000000007,
0.717,
0.608,
0.104,
0.497,
0.051,
0.266,
0.55,
0.165,
0.00799999999992,
0.325,
0.565,
0.092,
0.375,
0.129,
0.00699999999995,
0.068,
0.703,
0.242,
0.146,
0.0120000000001,
0.011,
0.00199999999995,
0.00300000000004,
0.11,
0.122,
0.08,
0.00299999999993,
0.123,
0.048,
0.00199999999995,
0.058,
0.806,
0.147,
0.00299999999993,
0.00100000000009,
0.00699999999995,
0.156,
0.0920000000001,
0.28,
0.026,
0.608,
0.32,
0.684,
0.383,
0.000999999999976,
0.0120000000001,
1.156,
0.0400000000001,
0.143,
0.00600000000009,
0.088,
0.268,
0.0409999999999,
0.0160000000001,
0.115,
0.0500000000001,
0.137,
0.0,
0.821,
0.011,
0.405,
0.0599999999999,
0.111,
0.221,
0.487,
0.376,
0.005,
0.081,
0.000999999999976,
0.287,
1.258,
0.04,
0.00400000000002,
0.586,
0.22,
0.193,
0.047,
0.247,
0.134,
0.235,
0.00800000000004,
0.971,
0.116,
0.46,
0.223,
0.011,
0.046,
0.005,
0.246,
0.22,
0.45,
0.00900000000001,
0.186,
0.323,
0.096,
0.176,
0.408,
0.205,
1.078,
0.00600000000009,
0.316,
0.133,
0.00199999999995,
0.0210000000001,
0.00599999999997,
0.043,
0.278,
0.0179999999999,
0.00900000000001,
0.162,
0.752,
0.075,
0.366,
0.00599999999997,
0.235,
0.086,
0.00300000000004,
0.227,
0.051,
0.226,
0.00599999999997,
0.19,
0.185,
0.133,
0.145,
0.00400000000002,
0.029,
0.029,
0.117,
0.305,
0.00100000000009,
0.025,
0.226,
0.000999999999976,
0.08,
0.517,
0.029,
0.0170000000001,
0.423,
0.0799999999999,
0.0440000000001,
0.00599999999997,
0.0559999999999,
0.745,
0.005,
0.386,
0.0849999999999,
0.029,
0.273,
0.051,
0.126,
0.342,
0.468,
0.231,
0.043,
0.112,
0.26,
0.05,
0.034,
0.057,
0.575,
0.0559999999999,
0.105,
0.00100000000009,
0.306,
0.00200000000007,
0.225,
0.135,
0.545,
0.000999999999976,
0.122,
0.0880000000001,
0.222,
0.033,
0.361,
0.00299999999993,
0.043,
0.274,
0.00200000000007,
0.059,
0.226,
0.141,
0.47,
0.022,
0.147,
0.0,
0.124,
0.023,
0.276,
0.299,
0.394,
0.005,
0.17,
0.00400000000002,
0.41,
0.238,
0.638,
0.27,
0.0120000000001,
0.161,
0.126,
0.015,
0.107,
0.013,
0.158,
0.046,
0.101,
0.125,
0.153,
0.00800000000004,
0.0649999999999,
0.048,
0.0840000000001,
0.0119999999999,
0.014,
0.078,
0.051,
0.127,
0.088,
0.384,
0.02,
0.091,
0.311,
0.0310000000001,
0.00299999999993,
0.0890000000001,
0.078,
0.000999999999976,
0.0120000000001,
0.52,
0.081,
0.0129999999999,
0.0540000000001,
0.148,
0.00600000000009,
0.072,
0.385,
0.016,
0.00699999999995,
0.254,
0.0170000000001,
0.147,
0.168,
0.386,
0.0129999999999,
0.086,
0.0360000000001,
0.105,
0.00199999999995,
0.178,
0.139,
0.0119999999999,
0.321,
0.046,
0.0219999999999,
0.187,
0.652,
0.0939999999999,
0.08,
0.121,
0.052,
0.00699999999995,
0.223,
0.336,
0.00299999999993,
0.11,
0.015,
0.504,
0.025,
0.0360000000001,
0.218,
0.025,
1.193,
0.721,
0.242,
0.484,
0.444,
0.043,
0.00699999999995,
0.0,
0.067,
0.005,
0.00599999999997,
0.77,
0.00299999999993,
0.114,
0.166,
0.005,
0.00299999999993,
0.018,
0.0,
0.148,
0.147,
0.000999999999976,
0.451,
0.455,
0.103,
0.005,
0.738,
0.189,
0.092,
0.141,
0.125,
0.00799999999992,
0.005,
0.179,
0.0369999999999,
0.153,
0.00300000000004,
0.226,
0.571,
0.0139999999999,
0.00100000000009,
0.523,
0.042,
0.053,
0.03,
0.705,
0.209,
0.00399999999991,
0.0500000000001,
0.125,
0.0119999999999,
0.000999999999976,
0.137,
0.00599999999997,
0.12,
0.00700000000006,
0.0469999999999,
1.456,
0.214,
0.098,
0.00400000000002,
0.019,
0.005,
0.404,
0.566,
0.0219999999999,
0.18,
0.0899999999999,
0.108,
0.018,
0.106,
0.016,
0.0360000000001,
0.631,
0.231,
0.032,
0.186,
0.005,
0.0410000000001,
0.409,
0.00400000000002,
0.0309999999999,
0.125,
0.032,
0.0269999999999,
0.356,
0.146,
0.214,
0.00300000000004,
0.039,
0.26,
0.41,
0.0110000000001,
0.03,
0.102,
0.0740000000001,
0.182,
0.221,
0.606,
0.00700000000006,
0.347,
0.186,
0.143,
0.0880000000001,
0.072,
0.487,
0.058,
0.56,
0.273,
0.181,
0.00400000000002,
0.126,
0.125,
0.399,
0.134,
0.177,
0.011,
0.148,
0.025,
0.24,
0.57,
0.522,
0.00700000000006,
0.223,
0.453,
0.265,
0.057,
0.19,
0.011,
0.026,
0.019,
0.288,
0.165,
0.414,
0.107,
0.00400000000002,
0.00199999999995,
0.097,
0.075,
0.056,
0.00699999999995,
0.249,
0.00199999999995,
0.0690000000001,
0.198,
0.0649999999999,
0.00999999999999,
0.17,
0.124,
0.0989999999999,
0.0940000000001,
0.00900000000001,
0.208,
0.000999999999976,
0.093,
0.00600000000009,
0.681,
0.0880000000001,
0.000999999999976,
0.125,
0.000999999999976,
0.375,
0.038,
0.339,
0.0360000000001,
0.155,
0.303,
0.182,
0.00199999999995,
0.00600000000009,
0.00599999999997,
0.136,
0.005,
0.309,
0.05,
0.201,
0.147,
0.058,
0.019,
0.458,
0.05,
0.043,
0.081,
0.726,
0.000999999999976,
0.192,
0.446,
0.00599999999997,
0.122,
0.112,
0.148,
0.0160000000001,
0.0319999999999,
0.00700000000006,
0.202,
0.274,
0.00199999999995,
0.255,
0.00900000000001,
0.409,
0.0210000000001,
0.048,
0.161,
0.466,
0.434,
0.0410000000001,
0.071,
0.126,
0.1,
0.0179999999999,
0.116,
0.0120000000001,
0.016,
0.283,
0.113,
0.139,
0.197,
0.0,
0.0469999999999,
0.0210000000001,
0.0,
0.0889999999999,
0.011,
0.573,
0.0,
0.182,
0.000999999999976,
0.02,
0.246,
0.103,
0.303,
0.132,
0.00199999999995,
0.489,
0.005,
0.035,
0.00700000000006,
0.255,
0.03,
0.005,
0.063,
0.297,
0.138,
0.064,
0.000999999999976,
0.111,
0.127,
0.000999999999976,
0.163,
0.467,
0.192,
0.195,
0.139,
0.536,
0.318,
0.00300000000004,
0.198,
0.348,
0.00800000000004,
0.09,
0.005,
0.02,
0.273,
0.315,
0.124,
0.076,
0.214,
0.132,
0.69,
0.0,
0.275,
0.024,
0.142,
0.023,
0.533,
0.00299999999993,
0.057,
0.046,
0.339,
0.131,
0.0110000000001,
0.753,
0.197,
0.152,
0.079,
0.155,
0.216,
0.65,
0.246,
0.301,
0.039,
0.049,
0.0169999999999,
0.075,
0.136,
0.136,
0.00199999999995,
0.0649999999999,
0.00600000000009,
0.0269999999999,
0.0940000000001,
0.000999999999976,
0.352,
0.175,
0.196,
0.307,
0.00400000000002,
0.00599999999997,
0.15,
0.0279999999999,
0.00700000000006,
0.101,
0.049,
0.063,
0.00800000000004,
0.234,
0.0549999999999,
0.039,
0.051,
0.00999999999999,
0.507,
0.0120000000001,
0.0599999999999,
0.372,
0.16,
0.0409999999999,
0.027,
0.223,
0.00300000000004,
0.066,
0.005,
0.284,
0.353,
0.052,
0.0,
0.0840000000001,
0.216,
0.076,
0.0840000000001,
0.404,
0.00199999999995,
0.145,
0.046,
0.364,
0.021,
0.147,
0.005,
0.112,
0.073,
0.053,
0.235,
0.062,
0.13,
0.000999999999976,
0.0310000000001,
0.192,
0.021,
0.285,
0.03,
0.038,
0.024,
0.00100000000009,
0.0139999999999,
0.076,
0.433,
0.553,
0.066,
0.000999999999976,
0.005,
0.091,
0.223,
0.0129999999999,
0.014,
0.193,
0.0890000000001,
0.274,
0.145,
0.014,
0.0170000000001,
0.0139999999999,
0.112,
0.0709999999999,
0.00800000000004,
0.123,
0.039,
0.00699999999995,
0.162,
0.0170000000001,
0.00799999999992,
0.00999999999999,
0.353,
0.292,
0.043,
0.387,
0.141,
0.183,
0.304,
0.226,
0.292,
0.00599999999997,
0.297,
0.22,
0.0,
0.239,
0.439,
0.00400000000002,
0.143,
0.0,
0.187,
0.097,
0.0369999999999,
0.18,
0.025,
0.023,
0.0,
0.063,
0.0459999999999,
0.109,
0.00800000000004,
0.276,
0.00700000000006,
0.143,
0.0630000000001,
0.00799999999992,
0.269,
0.226,
0.057,
0.043,
0.138,
0.0659999999999,
0.099,
0.056,
0.146,
0.00300000000004,
0.00299999999993,
0.0170000000001,
0.112,
0.087,
0.025,
0.183,
0.00300000000004,
0.076,
0.00800000000004,
0.054,
0.193,
0.249,
0.014,
0.372,
0.00599999999997,
0.038,
0.00200000000007,
0.016,
0.11,
0.02,
0.165,
0.00300000000004,
0.103,
0.067,
0.366,
0.00200000000007,
0.417,
0.005,
0.677,
0.00100000000009,
0.11,
0.099,
0.037,
0.00999999999999,
0.076,
0.219,
0.311,
0.015,
0.096,
0.101,
0.039,
0.034,
0.0310000000001,
0.157,
0.243,
0.00400000000002,
0.932,
0.0,
0.0770000000001,
0.331,
0.114,
0.035,
0.014,
0.054,
0.601,
0.119,
0.178,
0.00200000000007,
0.168,
0.000999999999976,
0.0939999999999,
0.0540000000001,
0.242,
0.016,
0.014,
0.166,
0.195,
0.00300000000004,
0.242,
0.095,
0.211,
0.0,
0.155,
0.539,
0.304,
0.116,
0.078,
0.005,
0.047,
0.47,
0.0200000000001,
0.00399999999991,
0.106,
0.325,
0.00800000000004,
0.081,
0.124,
0.413,
0.000999999999976,
0.13,
0.129,
0.00800000000004,
0.218,
0.469,
0.238,
0.417,
0.013,
0.067,
0.327,
0.028,
0.026,
0.168,
0.057,
0.487,
0.00999999999999,
0.083,
0.047,
0.091,
0.0840000000001,
0.472,
0.167,
0.098,
0.0119999999999,
0.294,
0.00799999999992,
0.109,
0.00300000000004,
0.092,
0.0219999999999,
0.00800000000004,
0.000999999999976,
0.187,
0.046,
0.36,
0.08,
0.038,
0.14,
0.005,
0.433,
0.272,
0.591,
0.073,
0.00400000000002,
0.005,
0.0,
0.109,
0.394,
0.00100000000009,
0.035,
0.00699999999995,
0.028,
0.061,
0.237,
0.000999999999976,
0.0740000000001,
0.024,
0.029,
0.062,
0.237,
0.00800000000004,
0.109,
0.091,
0.0500000000001,
0.00599999999997,
0.507,
0.163,
0.344,
0.0119999999999,
0.00999999999999,
0.043,
0.00999999999999,
0.0540000000001,
0.0369999999999,
0.0200000000001,
0.214,
0.00400000000002,
0.078,
0.00400000000002,
0.081,
0.083,
0.00400000000002,
0.035,
0.023,
0.118,
0.112,
0.0,
0.513,
0.019,
0.00700000000006,
0.0509999999999,
0.326,
0.226,
0.274,
0.049,
0.254,
0.032,
0.187,
0.107,
0.251,
0.14,
0.0360000000001,
0.129,
0.888,
0.323,
0.211,
0.0119999999999,
0.049,
0.00300000000004,
0.021,
0.278,
0.005,
0.416,
0.138,
0.175,
0.00299999999993,
0.034,
0.202,
0.046,
0.148,
0.206,
0.196,
0.119,
0.00200000000007,
0.738,
0.00400000000002,
0.201,
0.098,
0.025,
0.00600000000009,
0.526,
0.026,
0.00800000000004,
0.072,
0.409,
0.00900000000001,
0.08,
0.209,
1.045,
0.005,
0.143,
0.175,
0.0119999999999,
0.091,
0.186,
0.00199999999995,
0.023,
0.578,
0.00900000000001,
0.081,
0.023,
0.0519999999999,
0.0300000000001,
0.495,
0.278,
0.336,
0.00300000000004,
0.00199999999995,
0.577,
0.038,
0.00400000000002,
0.145,
0.014,
0.022,
0.0839999999999,
0.0,
0.266,
0.556,
0.056,
0.423,
0.183,
0.019,
0.152,
0.116,
0.316,
0.00100000000009,
0.035,
0.067,
0.026,
0.254,
0.00900000000001,
0.37,
0.005,
0.26,
0.328,
0.713,
0.011,
0.014,
0.00900000000001,
0.00299999999993,
0.005,
0.005,
0.038,
0.000999999999976,
0.235,
0.0700000000001,
0.43,
0.148,
0.931,
0.000999999999976,
0.212,
0.00300000000004,
0.0119999999999,
0.269,
0.209,
0.0229999999999,
0.418,
0.00300000000004,
0.114,
0.00199999999995,
0.04,
0.014,
0.00700000000006,
0.0,
0.413,
0.00299999999993,
0.174,
0.177,
0.269,
0.223,
0.005,
0.04,
0.15,
0.00599999999997,
0.0410000000001,
0.175,
0.0730000000001,
0.429,
0.221,
0.028,
0.0509999999999,
0.408,
0.0650000000001,
0.165,
0.33,
0.131,
0.049,
0.14,
0.0700000000001,
0.00199999999995,
0.464,
0.91,
0.045,
0.191,
0.256,
0.308,
0.092,
0.00100000000009,
0.12,
0.0,
0.403,
0.00300000000004,
0.347,
0.000999999999976,
0.014,
0.22,
0.382,
0.057,
0.254,
0.163,
0.023,
0.024,
0.175,
0.0650000000001,
0.313,
0.485,
0.049,
0.411,
0.037,
0.203,
0.118,
0.09,
0.00599999999997,
0.000999999999976,
0.348,
0.0120000000001,
0.039,
0.269,
0.0360000000001,
0.0809999999999,
0.181,
0.164,
0.1,
0.383,
0.128,
0.000999999999976,
0.376,
0.0469999999999,
0.096,
0.00100000000009,
0.0839999999999,
0.00900000000001,
0.643,
0.00699999999995,
0.00900000000001,
0.26,
0.203,
0.0600000000001,
0.000999999999976,
0.177,
0.00900000000001,
0.147,
0.221,
0.167,
0.138,
0.03,
0.00800000000004,
0.00199999999995,
0.131,
0.072,
0.349,
0.042,
0.18,
0.066,
0.424,
0.018,
0.011,
0.182,
0.0169999999999,
0.277,
0.195,
0.00300000000004,
0.196,
0.00199999999995,
0.182,
0.00599999999997,
0.259,
0.109,
0.442,
0.0839999999999,
0.038,
0.00800000000004,
0.245,
0.0939999999999,
0.077,
0.0590000000001,
0.1,
0.44,
0.005,
0.024,
0.171,
0.287,
0.005,
0.199,
0.00900000000001,
0.254,
0.0630000000001,
0.515,
0.00299999999993,
0.128,
0.091,
0.196,
0.49,
0.0119999999999,
0.027,
0.0409999999999,
0.00300000000004,
0.396,
0.243,
0.077,
0.029,
0.042,
0.131,
0.00699999999995,
0.136,
0.0569999999999,
0.238,
0.0119999999999,
0.421,
0.042,
0.000999999999976,
0.026,
0.00200000000007,
0.187,
0.016,
0.198,
0.172,
0.0,
0.078,
0.134,
0.083,
0.221,
0.114,
0.011,
0.082,
0.0300000000001,
0.0569999999999,
0.071,
0.00800000000004,
0.38,
0.00900000000001,
0.00999999999999,
0.02,
0.025,
0.249,
0.086,
0.0359999999999,
0.00700000000006,
0.088,
0.014,
0.105,
0.00999999999999,
0.53,
0.115,
0.00400000000002,
0.032,
0.00399999999991,
0.0440000000001,
0.183,
0.00599999999997,
0.00599999999997,
0.024,
0.00200000000007,
0.03,
0.31,
0.19,
0.024,
0.181,
0.201,
0.146,
0.0949999999999,
0.1,
0.221,
0.00999999999999,
0.04,
0.00400000000002,
0.282,
0.162,
0.0129999999999,
0.217,
0.248,
0.00800000000004,
0.217,
0.438,
0.098,
0.00400000000002,
0.493,
0.426,
0.00300000000004,
0.349,
0.158,
0.241,
0.026,
0.049,
0.09,
0.014,
0.325,
0.00700000000006,
0.249,
0.322,
0.219,
0.0700000000001,
0.00699999999995,
0.0650000000001,
0.00900000000001,
0.367,
0.0699999999999,
0.104,
0.044,
0.046,
0.066,
0.005,
0.016,
0.052,
0.0129999999999,
0.169,
0.0989999999999,
0.306,
0.00299999999993,
0.00200000000007,
0.147,
0.19,
0.115,
0.028,
0.034,
0.396,
0.00599999999997,
0.245,
0.0,
0.058,
0.12,
0.363,
0.252,
0.00999999999999,
0.0410000000001,
0.119,
0.062,
0.295,
0.049,
0.00700000000006,
0.078,
0.0839999999999,
0.00700000000006,
0.111,
0.00400000000002,
0.00999999999999,
0.062,
0.0,
0.00999999999999,
0.114,
0.013,
0.223,
0.144,
0.00200000000007,
0.117,
0.371,
0.00900000000001,
0.161,
0.034,
0.066,
0.184,
0.243,
0.0880000000001,
0.416,
0.00300000000004,
0.113,
0.275,
0.00799999999992,
0.0640000000001,
0.00599999999997,
0.005,
0.00400000000002,
0.000999999999976,
0.005,
0.079,
0.005,
0.146,
0.00299999999993,
0.0650000000001,
0.00599999999997,
0.221,
0.0170000000001,
0.0269999999999,
0.591,
0.00900000000001,
0.214,
0.015,
0.234,
0.474,
0.073,
0.108,
0.208,
0.74,
0.247,
0.00800000000004,
0.107,
0.095,
0.005,
0.56,
0.0540000000001,
0.03,
0.428,
0.081,
0.195,
0.005,
0.203,
0.0410000000001,
0.161,
0.333,
0.141,
0.071,
0.23,
0.711,
0.00399999999991,
0.0490000000001,
0.026,
0.102,
0.0590000000001,
0.0459999999999,
0.00900000000001,
0.22,
0.033,
0.0119999999999,
0.321,
0.00199999999995,
0.022,
0.0269999999999,
0.018,
0.114,
0.189,
0.005,
0.075,
0.349,
0.00200000000007,
0.038,
0.0939999999999,
0.246,
0.417,
0.037,
0.049,
0.00700000000006,
0.011,
0.227,
0.264,
0.197,
0.239,
0.096,
0.368,
0.734,
0.0649999999999,
0.0120000000001,
0.057,
0.014,
0.292,
0.142,
0.00599999999997,
0.264,
0.086,
0.396,
0.0450000000001,
0.054,
0.107,
0.12,
0.48,
0.296,
0.0699999999999,
0.00599999999997,
0.412,
0.029,
0.015,
0.142,
0.00999999999999,
0.442,
0.0,
0.0219999999999,
0.0400000000001,
0.00399999999991,
0.09,
0.00599999999997,
0.52,
0.024,
0.116,
0.0119999999999,
0.163,
0.028,
0.075,
0.364,
0.000999999999976,
0.00700000000006,
0.0,
0.0309999999999,
0.737,
0.015,
0.153,
0.115,
0.128,
0.163,
0.378,
0.205,
0.209,
0.025,
0.0700000000001,
0.015,
0.327,
0.005,
0.00400000000002,
0.00999999999999,
0.098,
0.054,
0.452,
0.024,
0.272,
0.419,
0.128,
0.237,
0.272,
0.147,
0.053,
0.00200000000007,
0.092,
0.355,
0.201,
0.092,
0.0550000000001,
0.247,
0.127,
0.053,
0.0899999999999,
0.14,
0.0229999999999,
0.00100000000009,
0.126,
0.242,
0.00900000000001,
0.00900000000001,
0.122,
0.053,
0.00300000000004,
0.00900000000001,
0.011,
0.02,
0.669,
0.096,
0.218,
0.014,
0.156,
0.018,
0.766,
0.195,
0.518,
0.115,
0.359,
0.156,
0.00300000000004,
0.195,
0.005,
0.105,
0.462,
0.0619999999999,
0.435,
0.00199999999995,
0.00300000000004,
0.049,
0.246,
0.00999999999999,
0.145,
0.233,
0.018,
0.127,
0.111,
0.0790000000001,
0.226,
0.005,
0.239,
0.0650000000001,
0.284,
0.127,
0.223,
0.0219999999999,
0.467,
0.0989999999999,
0.248,
0.019,
0.402,
0.00600000000009,
0.103,
0.157,
0.048,
0.0219999999999,
0.154,
0.176,
0.247,
0.000999999999976,
0.223,
0.00699999999995,
0.00200000000007,
0.166,
0.00700000000006,
0.0269999999999,
0.144,
0.258,
0.00400000000002,
0.177,
0.0369999999999,
0.00800000000004,
0.528,
0.213,
0.00900000000001,
0.00300000000004,
0.244,
0.058,
0.015,
0.043,
0.0500000000001,
0.575,
0.00100000000009,
0.264,
0.015,
0.0,
0.124,
0.208,
0.392,
0.226,
0.134,
0.00300000000004,
0.26,
0.147,
0.116,
0.414,
0.516,
0.016,
0.0260000000001,
0.00900000000001,
0.077,
0.172,
0.0540000000001,
0.404,
0.0649999999999,
0.143,
0.029,
0.038,
0.0599999999999,
0.00400000000002,
0.706,
0.139,
0.394,
0.00199999999995,
0.051,
0.0749999999999,
0.38,
0.287,
0.107,
0.156,
0.005,
0.406,
0.053,
0.281,
0.005,
0.2,
0.054,
0.109,
0.0150000000001,
0.00399999999991,
0.101,
0.0880000000001,
0.00900000000001,
0.317,
0.000999999999976,
0.301,
0.0,
0.289,
0.184,
0.102,
0.00599999999997,
0.436,
0.267,
0.067,
0.018,
0.132,
0.00699999999995,
0.025,
0.137,
0.106,
0.04,
0.045,
0.019,
0.204,
0.096,
0.648,
0.101,
0.288,
0.0,
0.023,
0.0350000000001,
0.826,
0.234,
0.135,
0.024,
0.0650000000001,
0.26,
0.083,
0.025,
0.064,
0.00800000000004,
0.33,
0.00400000000002,
0.0509999999999,
0.0,
0.053,
0.025,
0.0880000000001,
0.093,
0.044,
0.056,
0.00299999999993,
0.023,
0.02,
0.0540000000001,
0.005,
0.053,
0.087,
0.115,
0.148,
0.00199999999995,
0.231,
0.16,
0.0350000000001,
0.362,
0.028,
0.112,
0.131,
0.717,
0.401,
0.0169999999999,
0.068,
0.171,
0.011,
0.00400000000002,
0.21,
0.118,
0.00200000000007,
0.00599999999997,
0.155,
0.0550000000001,
0.0,
0.049,
0.014,
0.0409999999999,
0.038,
0.046,
0.159,
0.186,
0.00799999999992,
0.077,
0.154,
0.029,
0.176,
0.12,
0.352,
0.231,
0.162,
0.111,
0.00599999999997,
0.235,
0.052,
0.238,
0.00300000000004,
0.121,
0.00200000000007,
0.024,
0.00799999999992,
0.0110000000001,
0.236,
0.00799999999992,
0.0350000000001,
0.049,
0.237,
0.3,
0.114,
0.013,
0.177,
0.146,
0.11,
0.00699999999995,
0.086,
0.119,
0.00199999999995,
0.00200000000007,
1.242,
0.032,
0.802,
0.383,
0.034,
0.385,
0.108,
0.000999999999976,
0.493,
0.00299999999993,
0.265,
0.192,
0.096,
0.0170000000001,
0.292,
0.219,
0.199,
0.571,
0.388,
0.063,
0.00400000000002,
0.514,
0.327,
0.00599999999997,
0.136,
0.0260000000001,
0.192,
0.00299999999993,
0.043,
0.046,
0.00999999999999,
0.296,
0.185,
0.167,
0.088,
0.096,
0.156,
0.261,
0.139,
0.0119999999999,
0.216,
0.11,
0.00400000000002,
0.083,
0.108,
0.025,
0.207,
0.302,
0.00699999999995,
0.015,
0.0550000000001,
0.216,
0.078,
0.000999999999976,
0.307,
0.111,
0.23,
0.199,
0.144,
0.034,
0.451,
0.114,
0.18,
0.0550000000001,
0.014,
0.053,
0.00799999999992,
0.022,
0.00400000000002,
0.05,
0.202,
0.011,
0.148,
0.386,
0.034,
0.207,
0.726,
0.00199999999995,
0.071,
0.126,
0.00199999999995,
0.0120000000001,
0.00400000000002,
0.293,
0.387,
0.102,
0.062,
0.279,
0.135,
0.019,
0.0,
0.0300000000001,
0.00199999999995,
0.187,
0.444,
0.1,
0.011,
0.118,
0.0,
0.00299999999993,
0.0160000000001,
0.285,
0.00199999999995,
0.121,
0.0129999999999,
0.869,
0.091,
0.035,
0.097,
0.654,
0.405,
0.304,
0.508,
0.00900000000001,
0.068,
0.326,
0.392,
0.737,
0.00200000000007,
0.52,
0.042,
0.03,
0.237,
0.096,
0.051,
0.251,
0.29,
0.082,
0.126,
0.177,
0.0120000000001,
0.0319999999999,
0.233,
0.079,
0.112,
0.0119999999999,
0.038,
0.03,
0.12,
0.00800000000004,
0.464,
0.00400000000002,
0.22,
0.161,
0.021,
0.132,
0.261,
0.153,
0.238,
0.235,
0.121,
0.00300000000004,
0.00199999999995,
0.018,
0.315,
0.0640000000001,
0.156,
0.037,
0.018,
0.000999999999976,
0.301,
0.00100000000009,
0.123,
0.163,
0.00199999999995,
0.00700000000006,
0.169,
0.082,
0.215,
0.095,
0.0939999999999,
0.00999999999999,
0.00300000000004,
0.085,
0.525,
0.279,
0.00799999999992,
0.587,
0.00599999999997,
0.00900000000001,
0.02,
0.0939999999999,
0.0260000000001,
0.162,
0.032,
0.096,
0.037,
0.058,
0.005,
0.134,
0.232,
0.19,
0.104,
0.11,
0.12,
0.108,
0.00400000000002,
0.328,
0.00599999999997,
0.548,
0.32,
0.118,
0.00199999999995,
0.312,
0.162,
0.00599999999997,
0.091,
0.000999999999976,
0.208,
0.213,
0.00400000000002,
0.00699999999995,
0.484,
0.147,
0.212,
0.364,
0.075,
0.0419999999999,
0.067,
0.119,
1.55,
0.134,
0.138,
0.143,
0.143,
0.244,
0.29,
0.0469999999999,
0.0700000000001,
0.00300000000004,
0.246,
0.00699999999995,
0.523,
0.00900000000001,
0.117,
0.233,
0.279,
0.275,
0.00699999999995,
0.218,
0.0599999999999,
0.205,
0.201,
0.076,
0.0139999999999,
0.584,
0.262,
0.013,
0.109,
0.091,
0.131,
0.076,
0.047,
0.011,
0.02,
0.22,
0.789,
0.071,
0.226,
0.275,
0.0699999999999,
0.155,
0.213,
0.378,
0.00299999999993,
0.000999999999976,
0.00700000000006,
0.016,
0.023,
0.03,
0.115,
0.118,
0.5,
0.122,
0.223,
0.061,
0.193,
0.128,
0.154,
0.085,
0.0329999999999,
0.0100000000001,
0.28,
0.000999999999976,
0.578,
0.00400000000002,
0.0549999999999,
0.057,
0.18,
0.019,
0.0609999999999,
0.133,
0.22,
0.077,
0.41,
0.014,
0.00800000000004,
0.038,
0.204,
0.667,
0.00199999999995,
0.00300000000004,
0.542,
0.106,
0.405,
0.005,
0.232,
0.056,
0.12,
0.119,
0.0599999999999,
0.011,
0.124,
0.049,
0.206,
0.00999999999999,
0.218,
0.113,
0.186,
0.0839999999999,
0.587,
0.087,
0.142,
0.026,
0.28,
0.00599999999997,
0.028,
0.005,
0.135,
0.196,
0.054,
0.019,
0.00400000000002,
0.0799999999999,
0.00900000000001,
0.039,
0.087,
0.00400000000002,
0.015,
0.073,
0.279,
0.0,
0.103,
0.245,
0.011,
0.014,
0.018,
0.238,
0.022,
0.343,
0.013,
0.00300000000004,
0.621,
0.02,
0.223,
0.00400000000002,
0.005,
0.048,
0.00400000000002,
0.27,
0.00300000000004,
0.13,
0.0169999999999,
0.264,
0.0120000000001,
0.217,
0.223,
0.161,
0.026,
0.237,
0.0500000000001,
0.091,
0.00599999999997,
0.183,
0.013,
0.021,
0.087,
0.182,
0.106,
0.00200000000007,
0.0839999999999,
0.3,
0.212,
0.165,
0.109,
0.00700000000006,
0.032,
0.704,
0.398,
0.042,
0.00399999999991,
0.428,
0.00999999999999,
0.043,
0.09,
0.321,
0.217,
0.167,
0.0,
0.455,
0.317,
0.243,
0.121,
0.158,
0.132,
0.018,
0.311,
0.332,
0.039,
0.014,
0.133,
0.0169999999999,
0.883,
0.005,
0.014,
0.11,
0.00199999999995,
0.063,
0.115,
0.744,
0.047,
0.03,
0.504,
0.201,
0.2,
0.00800000000004,
0.00400000000002,
0.0139999999999,
0.0360000000001,
0.25,
0.021,
0.298,
0.00200000000007,
0.243,
0.00200000000007,
0.0469999999999,
0.629,
0.0300000000001,
0.103,
0.309,
0.0500000000001,
0.0419999999999,
0.013,
0.137,
0.00799999999992,
0.342,
0.108,
0.385,
0.027,
0.0379999999999,
0.324,
0.373,
0.00600000000009,
0.363,
0.162,
0.112,
0.044,
0.255,
0.0880000000001,
0.00199999999995,
0.0,
0.434,
0.082,
0.161,
0.106,
0.066,
0.093,
0.00599999999997,
0.22,
0.101,
0.092,
0.22,
0.0989999999999,
0.0440000000001,
0.208,
0.019,
0.119,
0.12,
0.04,
0.1,
0.00900000000001,
0.0119999999999,
0.082,
0.652,
0.025,
0.00699999999995,
0.005,
0.5,
0.257,
0.14,
0.0,
0.0940000000001,
0.136,
0.02,
0.121,
0.347,
0.166,
0.062,
0.011,
0.183,
0.019,
0.058,
0.042,
0.186,
0.0169999999999,
0.015,
0.029,
0.022,
0.014,
0.304,
0.082,
0.212,
0.00200000000007,
0.0659999999999,
0.308,
0.121,
0.0429999999999,
0.145,
0.092,
0.187,
0.151,
0.037,
0.02,
0.035,
0.062,
0.113,
0.16,
0.345,
0.0089999999999,
0.0940000000001,
0.00700000000006,
0.034,
0.064,
0.00199999999995,
0.038,
0.048,
0.00200000000007,
0.011,
0.038,
0.25,
0.592,
0.029,
0.00300000000004,
0.025,
0.079,
0.22,
0.141,
0.245,
0.005,
0.053,
0.00200000000007,
0.1,
0.23,
0.076,
0.00200000000007,
0.00299999999993,
0.00300000000004,
0.014,
0.339,
0.151,
0.252,
0.00700000000006,
0.0129999999999,
0.105,
0.075,
0.64,
0.144,
0.023,
0.212,
0.00900000000001,
0.306,
0.00300000000004,
0.0509999999999,
0.00600000000009,
0.199,
0.039,
0.038,
0.025,
0.113,
0.124,
0.00999999999999,
0.155,
0.00599999999997,
0.312,
0.449,
0.00200000000007,
0.237,
0.038,
0.295,
0.0540000000001,
0.00199999999995,
0.024,
0.079,
0.49,
0.0450000000001,
0.011,
0.453,
0.179,
0.3,
0.312,
0.0169999999999,
0.086,
0.171,
0.00699999999995,
0.08,
0.042,
0.02,
0.028,
0.00399999999991,
0.086,
0.0120000000001,
0.102,
0.708,
0.00300000000004,
0.256,
0.0210000000001,
0.658,
0.358,
0.102,
0.166,
0.295,
0.032,
0.258,
0.0,
0.044,
0.29,
0.367,
0.177,
0.427,
0.648,
0.00299999999993,
0.123,
0.526,
0.26,
0.044,
0.039,
0.116,
0.166,
0.108,
0.058,
0.015,
0.066,
0.404,
0.0359999999999,
0.000999999999976,
0.361,
0.00700000000006,
0.494,
0.354,
0.005,
0.485,
0.455,
0.00599999999997,
0.746,
0.00200000000007,
0.146,
0.073,
0.00200000000007,
0.245,
0.423,
0.00100000000009,
0.438,
0.0839999999999,
0.289,
0.071,
0.398,
0.00599999999997,
0.0210000000001,
0.024,
0.00199999999995,
0.373,
0.204,
0.725,
0.444,
0.285,
0.08,
0.027,
0.0219999999999,
0.005,
0.000999999999976,
0.981,
0.394,
0.23,
0.062,
0.166,
0.058,
0.356,
0.076,
0.0469999999999,
0.076,
0.034,
0.139,
0.119,
0.00999999999999,
0.079,
0.00400000000002,
0.0250000000001,
0.113,
0.112,
0.034,
0.423,
0.103,
0.102,
0.00400000000002,
0.104,
0.00400000000002,
0.446,
0.000999999999976,
0.00600000000009,
0.005,
0.361,
0.105,
0.142,
0.227,
0.000999999999976,
0.095,
0.0740000000001,
0.00299999999993,
0.0400000000001,
0.121,
0.00199999999995,
0.169,
0.014,
0.202,
0.0690000000001,
0.00199999999995,
0.099,
0.143,
0.0110000000001,
0.114,
0.0300000000001,
0.000999999999976,
0.761,
0.000999999999976,
0.00600000000009,
0.0319999999999,
0.143,
0.623,
0.315,
0.00599999999997,
0.02,
0.00200000000007,
0.00699999999995,
0.191,
0.014,
0.359,
0.139,
0.0899999999999,
0.392,
0.296,
0.00700000000006,
0.428,
0.159,
0.005,
0.34,
0.014,
0.054,
0.00799999999992,
0.00300000000004,
0.236,
0.00200000000007,
0.0379999999999,
0.229,
0.0790000000001,
0.093,
0.132,
0.00600000000009,
0.068,
0.263,
0.242,
0.052,
0.04,
0.132,
0.118,
0.178,
0.00400000000002,
0.43,
0.234,
0.00199999999995,
0.146,
0.128,
0.156,
0.167,
0.0310000000001,
0.011,
0.187,
0.136,
0.00200000000007,
0.00299999999993,
0.0210000000001,
0.145,
0.085,
0.097,
0.277,
0.0880000000001,
0.00799999999992,
0.416,
0.021,
0.0,
0.274,
0.0550000000001,
0.0,
0.097,
0.00999999999999,
0.197,
0.118,
0.0859999999999,
0.146,
0.228,
0.0170000000001,
0.034,
0.176,
0.018,
0.141,
0.00800000000004,
0.081,
0.634,
0.0549999999999,
0.00700000000006,
0.219,
0.00100000000009,
0.0,
0.02,
0.093,
0.298,
0.296,
0.219,
0.125,
0.123,
0.147,
0.123,
0.032,
0.0419999999999,
0.257,
0.328,
0.087,
0.081,
0.142,
0.137,
0.027,
0.183,
0.681,
0.00200000000007,
0.0,
0.0939999999999,
0.0110000000001,
0.0379999999999,
0.00400000000002,
0.000999999999976,
0.028,
0.536,
0.0939999999999,
0.503,
0.071,
0.092,
0.025,
0.045,
0.169,
0.049,
0.026,
0.085,
0.237,
0.336,
0.019,
0.075,
0.0089999999999,
0.00700000000006,
0.000999999999976,
0.404,
0.00700000000006,
0.0509999999999,
0.172,
0.018,
0.023,
0.117,
0.000999999999976,
0.317,
0.062,
0.0649999999999,
0.0,
0.048,
0.0400000000001,
0.034,
0.307,
0.033,
0.338,
0.0169999999999,
0.019,
0.232,
0.167,
0.0110000000001,
0.064,
0.086,
0.062,
0.00900000000001,
0.00299999999993,
0.113,
0.0889999999999,
0.125,
0.489,
0.09,
0.159,
0.049,
0.465,
0.0219999999999,
0.168,
0.052,
0.159,
0.064,
0.00200000000007,
0.0799999999999,
0.082,
0.099,
0.005,
0.156,
0.289,
0.229,
0.112,
0.215,
0.028,
0.00400000000002,
0.205,
0.14,
0.27,
0.0699999999999,
0.0890000000001,
0.015,
0.04,
0.00999999999999,
0.207,
0.0730000000001,
0.0509999999999,
0.284,
0.133,
0.00599999999997,
0.29,
0.0169999999999,
0.179,
0.336,
0.029,
0.00700000000006,
0.025,
0.011,
0.087,
0.00800000000004,
0.085,
0.00399999999991,
0.0170000000001,
0.101,
0.191,
0.129,
0.178,
0.0559999999999,
0.072,
0.224,
0.135,
0.025,
0.00300000000004,
0.124,
0.044,
0.155,
0.00800000000004,
0.00799999999992,
0.154,
0.0210000000001,
0.000999999999976,
0.054,
0.082,
0.029,
0.000999999999976,
0.303,
0.265,
0.758,
0.00599999999997,
0.00200000000007,
0.281,
0.575,
0.069,
0.141,
0.05,
0.00300000000004,
0.000999999999976,
0.581,
0.083,
0.0409999999999,
0.047,
0.061,
0.081,
0.139,
0.0269999999999,
0.114,
0.014,
0.122,
0.139,
0.059,
0.364,
0.378,
0.104,
0.0410000000001,
0.155,
0.00300000000004,
0.045,
0.086,
0.123,
0.00299999999993,
0.424,
0.0170000000001,
0.152,
0.097,
0.0699999999999,
0.348,
0.474,
0.24,
0.26,
0.086,
0.0120000000001,
0.576,
0.0129999999999,
0.00300000000004,
0.00300000000004,
0.231,
0.026,
0.115,
0.015,
0.275,
0.00999999999999,
0.032,
0.143,
0.293,
0.091,
0.118,
0.152,
0.224,
0.00200000000007,
0.3,
0.00599999999997,
0.072,
0.00400000000002,
0.062,
0.00199999999995,
0.145,
0.088,
0.034,
0.00400000000002,
0.042,
0.000999999999976,
0.266,
0.145,
0.099,
0.871,
0.00700000000006,
0.0419999999999,
0.034,
0.578,
0.03,
0.098,
0.0790000000001,
0.073,
0.491,
0.013,
0.135,
0.028,
0.0959999999999,
0.0120000000001,
0.00199999999995,
0.038,
0.00100000000009,
0.125,
0.0609999999999,
0.275,
0.00300000000004,
0.246,
0.299,
0.35,
0.039,
0.023,
0.207,
0.0120000000001,
0.828,
0.442,
0.129,
0.005,
0.28,
0.0309999999999,
0.00700000000006,
0.00599999999997,
0.085,
0.0129999999999,
0.0490000000001,
0.00299999999993,
0.23,
0.047,
0.372,
0.218,
0.341,
0.0799999999999,
0.426,
0.582,
0.016,
0.035,
0.00300000000004,
0.048,
0.22,
0.121,
0.48,
0.0319999999999,
0.41,
0.105,
0.314,
0.045,
0.0120000000001,
0.164,
0.02,
0.029,
0.043,
0.00699999999995,
0.00900000000001,
0.278,
0.253,
0.071,
0.559,
0.05,
0.0840000000001,
0.0559999999999,
0.0,
0.0490000000001,
0.157,
0.00700000000006,
0.054,
0.00299999999993,
0.238,
0.0170000000001,
0.079,
0.064,
0.193,
0.00999999999999,
0.24,
0.161,
0.204,
0.00100000000009,
0.199,
0.00199999999995,
0.216,
0.416,
0.00599999999997,
0.163,
0.1,
0.00699999999995,
0.104,
0.254,
0.0559999999999,
0.00800000000004,
0.4,
0.18,
0.00999999999999,
0.073,
0.00699999999995,
0.21,
0.005,
0.087,
0.037,
0.117,
0.332,
0.00800000000004,
0.23,
0.00799999999992,
0.584,
0.00699999999995,
0.272,
0.122,
0.00700000000006,
0.128,
0.132,
0.233,
0.439,
0.072,
0.000999999999976,
0.028,
0.289,
0.0219999999999,
0.00300000000004,
0.266,
0.193,
0.018,
0.184,
0.00300000000004,
0.00800000000004,
0.000999999999976,
0.063,
0.027,
0.00599999999997,
0.005,
0.00300000000004,
0.132,
0.0309999999999,
0.13,
0.062,
0.0210000000001,
0.283,
0.313,
0.029,
0.02,
0.054,
0.00599999999997,
0.156,
0.00599999999997,
0.034,
0.125,
0.08,
0.015,
0.011,
0.104,
0.00800000000004,
0.129,
0.077,
0.00999999999999,
0.062,
0.00400000000002,
0.128,
0.273,
0.101,
0.157,
0.381,
0.00100000000009,
0.043,
0.0119999999999,
0.106,
0.00800000000004,
0.241,
0.101,
0.129,
0.0799999999999,
0.00200000000007,
0.25,
0.081,
0.074,
0.0,
0.2,
0.005,
0.074,
0.249,
0.0,
0.028,
0.154,
0.119,
0.00199999999995,
0.077,
0.239,
0.005,
0.475,
0.000999999999976,
0.0169999999999,
0.179,
0.00799999999992,
0.068,
0.238,
0.00599999999997,
0.014,
0.139,
0.061,
0.011,
0.375,
0.033,
0.00599999999997,
0.206,
0.177,
0.00199999999995,
0.048,
0.0700000000001,
0.078,
0.023,
0.163,
0.412,
0.0640000000001,
0.0419999999999,
0.019,
0.13,
0.00300000000004,
0.073,
0.00999999999999,
0.035,
0.00900000000001,
0.00300000000004,
0.126,
0.111,
0.0500000000001,
0.000999999999976,
0.00900000000001,
0.224,
0.155,
0.011,
0.176,
0.45,
0.11,
0.243,
0.018,
0.0940000000001,
0.00400000000002,
0.005,
0.224,
0.086,
0.00300000000004,
0.00199999999995,
0.114,
0.481,
0.00599999999997,
0.025,
0.201,
0.022,
0.011,
0.165,
0.144,
0.495,
0.078,
0.00900000000001,
0.005,
0.042,
0.0500000000001,
0.0,
0.074,
0.019,
0.0219999999999,
0.186,
0.25,
0.201,
0.339,
0.053,
0.27,
0.00399999999991,
0.013,
0.0170000000001,
0.118,
0.000999999999976,
0.129,
0.21,
0.098,
0.0120000000001,
0.00400000000002,
0.043,
0.00599999999997,
0.091,
0.00199999999995,
0.013,
0.011,
0.31,
0.00199999999995,
0.13,
0.196,
0.066,
0.403,
0.113,
0.058,
0.073,
0.085,
0.328,
0.00400000000002,
0.194,
0.305,
0.188,
0.0169999999999,
0.164,
0.19,
0.00599999999997,
0.19,
0.011,
0.03,
0.00600000000009,
0.755,
0.0409999999999,
0.00800000000004,
0.082,
0.044,
0.306,
0.029,
0.00299999999993,
0.0980000000001,
0.005,
0.091,
0.03,
0.133,
0.00199999999995,
0.138,
0.00599999999997,
0.074,
0.0160000000001,
0.806,
0.0,
0.342,
0.246,
0.0129999999999,
0.209,
0.292,
0.064,
0.294,
0.00400000000002,
0.00400000000002,
0.0509999999999,
0.455,
0.00999999999999,
0.043,
0.03,
0.005,
0.019,
0.358,
0.029,
0.107,
0.237,
0.227,
0.143,
0.266,
0.0,
0.0840000000001,
0.042,
0.299,
0.095,
0.199,
0.015,
0.024,
0.132,
0.014,
0.111,
0.000999999999976,
0.584,
0.056,
0.00599999999997,
0.158,
0.0120000000001,
0.158,
0.0120000000001,
0.014,
0.655,
0.334,
0.322,
0.516,
0.00799999999992,
0.0350000000001,
0.011,
0.102,
0.474,
0.141,
0.327,
0.00300000000004,
0.466,
0.101,
0.0319999999999,
0.193,
0.506,
0.247,
0.156,
0.237,
0.005,
0.054,
0.116,
0.005,
0.051,
0.023,
0.156,
0.062,
0.201,
0.058,
0.19,
0.0650000000001,
0.398,
0.24,
0.3,
0.035,
0.391,
0.00599999999997,
0.163,
0.063,
0.083,
0.0880000000001,
0.026,
0.00400000000002,
0.000999999999976,
0.00400000000002,
0.0559999999999,
0.668,
0.176,
0.437,
0.071,
0.00400000000002,
0.441,
0.00900000000001,
0.054,
0.027,
0.157,
0.00900000000001,
0.345,
0.0980000000001,
0.00199999999995,
0.282,
0.0459999999999,
0.037,
0.249,
0.054,
0.167,
0.019,
0.342,
0.119,
0.0859999999999,
0.046,
0.291,
0.00699999999995,
0.026,
0.265,
0.145,
0.439,
0.005,
0.189,
0.474,
0.05,
0.152,
0.00699999999995,
0.043,
0.892,
0.774,
0.395,
0.236,
0.00900000000001,
0.2,
0.206,
0.00800000000004,
0.657,
0.058,
0.151,
0.00700000000006,
0.196,
0.225,
0.217,
0.0150000000001,
0.0799999999999,
0.119,
0.005,
0.133,
0.282,
0.296,
0.239,
0.677,
0.042,
0.178,
0.033,
0.467,
0.000999999999976,
0.0830000000001,
0.0649999999999,
0.00599999999997,
0.326,
0.054,
0.416,
0.000999999999976,
0.199,
0.00399999999991,
0.0250000000001,
0.311,
0.0120000000001,
0.00199999999995,
0.246,
0.155,
0.229,
0.133,
0.095,
0.098,
0.207,
0.00700000000006,
0.308,
0.156,
0.488,
0.0509999999999,
0.075,
0.103,
0.429,
0.179,
0.00299999999993,
0.02,
0.0,
0.234,
0.005,
0.195,
0.154,
0.024,
0.00799999999992,
0.081,
0.029,
0.044,
0.042,
0.349,
0.337,
0.011,
0.000999999999976,
0.085,
0.00199999999995,
0.0970000000001,
0.146,
0.052,
0.061,
0.162,
0.00999999999999,
0.046,
0.179,
0.806,
0.028,
0.0139999999999,
0.264,
0.0,
0.0680000000001,
0.0989999999999,
0.013,
0.03,
0.077,
0.021,
0.112,
0.394,
0.151,
0.324,
0.329,
0.00199999999995,
0.015,
0.215,
0.155,
0.00700000000006,
0.03,
0.056,
0.00599999999997,
0.013,
0.14,
0.243,
0.39,
0.17,
0.00999999999999,
0.15,
0.137,
0.286,
0.056,
0.00900000000001,
0.129,
0.173,
0.0300000000001,
0.00400000000002,
0.417,
0.0,
0.153,
0.0410000000001,
0.228,
0.00300000000004,
0.183,
0.231,
0.00599999999997,
0.00300000000004,
0.461,
0.108,
0.0359999999999,
0.292,
0.103,
0.311,
0.019,
0.457,
0.0250000000001,
0.179,
0.005,
0.282,
0.205,
0.163,
0.021,
0.58,
0.215,
0.038,
0.265,
0.241,
0.263,
0.00799999999992,
0.0260000000001,
0.029,
0.127,
0.037,
0.171,
0.524,
0.0110000000001,
0.255,
0.211,
0.211,
0.0830000000001,
0.054,
0.00199999999995,
0.09,
0.48,
0.303,
0.211,
0.409,
0.072,
0.194,
0.000999999999976,
0.0100000000001,
0.0989999999999,
0.049,
0.00800000000004,
0.037,
0.113,
0.0120000000001,
0.00199999999995,
0.383,
0.171,
0.375,
0.0160000000001,
0.015,
0.00699999999995,
0.067,
0.000999999999976,
0.00100000000009,
0.152,
0.000999999999976,
0.0970000000001,
0.00199999999995,
0.109,
0.248,
0.005,
0.0650000000001,
0.147,
0.00600000000009,
0.0269999999999,
0.227,
0.0820000000001,
0.711,
0.00400000000002,
0.14,
0.014,
0.0550000000001,
0.273,
0.133,
0.206,
0.234,
0.000999999999976,
0.144,
0.294,
0.105,
0.253,
0.964,
0.122,
0.19,
0.45,
0.00200000000007,
0.223,
0.00100000000009,
0.015,
1.22,
0.0650000000001,
0.377,
0.239,
0.081,
0.345,
0.332,
0.14,
0.341,
0.182,
0.00799999999992,
0.358,
0.0,
0.021,
0.00200000000007,
0.11,
0.0890000000001,
0.119,
0.014,
0.112,
0.00699999999995,
0.237,
0.0279999999999,
0.014,
0.324,
0.279,
0.203,
0.255,
0.505,
0.205,
0.000999999999976,
0.232,
0.00399999999991,
0.066,
0.018,
0.261,
0.0119999999999,
0.437,
0.498,
0.0220000000002,
0.446,
0.0140000000001,
0.936,
0.0,
0.00999999999999,
0.0160000000001,
0.0329999999999,
0.097,
0.058,
0.236,
0.058,
0.0319999999999,
0.0899999999999,
0.018,
0.069,
0.0110000000002,
0.122,
0.222,
0.02,
0.00400000000013,
0.086,
0.318,
0.037,
0.331,
0.514,
0.00499999999988,
0.0899999999999,
0.281,
0.743,
1.007,
0.00299999999993,
0.085,
0.169,
0.0540000000001,
0.00999999999999,
0.14,
0.00199999999995,
0.383,
0.471,
0.0129999999999,
0.0730000000001,
0.0729999999999,
0.341,
0.205,
0.00600000000009,
0.00999999999999,
0.118,
0.00800000000004,
0.113,
0.345,
0.00200000000018,
0.00199999999995,
0.346,
0.0739999999998,
0.595,
0.0230000000001,
0.059,
0.000999999999976,
0.22,
0.0919999999999,
0.24,
0.0430000000001,
0.00800000000004,
0.273,
0.133,
0.0139999999999,
0.495,
0.00599999999986,
0.368,
0.0799999999999,
0.0430000000001,
0.369,
0.02,
0.088,
0.068,
0.11,
0.146,
0.00499999999988,
0.03,
0.0680000000002,
0.0989999999999,
0.087,
0.373,
0.00999999999999,
0.0219999999999,
0.488,
0.152,
0.831,
0.04,
0.339,
0.0330000000001,
0.00499999999988,
0.23,
0.00999999999999,
0.018,
0.106,
0.0710000000001,
0.0829999999999,
0.0170000000001,
0.268,
0.109,
0.869,
0.141,
0.00400000000013,
0.047,
0.00299999999993,
0.61,
0.222,
0.00400000000013,
0.00999999999999,
0.00499999999988,
0.027,
0.374,
0.0240000000001,
0.02,
0.422,
0.137,
0.057,
0.291,
0.00199999999995,
0.00600000000009,
0.019,
0.241,
0.221,
0.0699999999999,
0.258,
0.00199999999995,
0.121,
0.337,
1.17,
0.0600000000002,
0.00599999999986,
0.109,
0.0329999999999,
1.301,
0.187,
0.00199999999995,
0.0809999999999,
0.027,
0.046,
1.314,
0.088,
0.126,
0.00999999999999,
0.00199999999995,
0.124,
0.00500000000011,
0.158,
0.0609999999999,
0.00999999999999,
0.0360000000001,
0.00500000000011,
0.129,
0.00800000000004,
0.0219999999999,
0.158,
0.0309999999999,
0.106,
0.0129999999999,
0.583,
0.132,
0.0929999999998,
0.000999999999976,
0.182,
0.206,
0.00199999999995,
0.214,
0.095,
0.0,
0.813,
0.161,
0.0510000000002,
0.00499999999988,
0.464,
0.0639999999999,
0.112,
0.242,
0.303,
0.0490000000002,
0.444,
0.05,
0.00399999999991,
0.00500000000011,
0.000999999999976,
0.538,
0.162,
0.078,
0.066,
0.158,
0.512,
0.106,
0.00800000000004,
0.121,
0.0709999999999,
0.00800000000004,
0.126,
0.321,
0.892,
0.155,
0.047,
0.00200000000018,
0.0179999999998,
0.108,
0.00900000000001,
0.109,
0.158,
0.058,
0.181,
0.0599999999999,
0.0010000000002,
0.119,
0.175,
0.134,
0.088,
0.205,
0.00799999999981,
0.896,
0.358,
0.00599999999986,
0.0820000000001,
0.0239999999999,
0.00500000000011,
0.00700000000006,
0.098,
0.154,
0.0709999999999,
0.028,
0.0830000000001,
0.236,
0.403,
0.154,
0.0900000000001,
0.143,
0.427,
0.00499999999988,
0.332,
0.00700000000006,
0.108,
0.194,
0.17,
0.047,
0.018,
0.0159999999998,
0.452,
0.046,
0.00800000000004,
0.323,
0.0630000000001,
0.196,
0.559,
0.159,
0.0409999999999,
0.0740000000001,
0.119,
0.00700000000006,
0.0340000000001,
0.0129999999999,
0.038,
0.0360000000001,
0.217,
0.00500000000011,
0.192,
0.000999999999976,
0.114,
0.00499999999988,
0.057,
0.597,
0.00300000000016,
0.0519999999999,
0.00199999999995,
0.875,
0.24,
0.03,
0.524,
0.0139999999999,
0.058,
0.067,
0.404,
0.0740000000001,
0.139,
0.0540000000001,
0.00199999999995,
0.619,
0.333,
0.00300000000016,
0.148,
0.075,
0.0359999999998,
0.0120000000002,
0.0919999999999,
0.136,
0.125,
0.0510000000002,
0.0249999999999,
0.229,
0.0260000000001,
0.142,
0.254,
0.327,
0.0530000000001,
0.0949999999998,
0.0,
0.211,
0.393,
0.00700000000006,
0.000999999999976,
0.383,
0.0799999999999,
0.226,
0.0509999999999,
0.687,
0.0279999999998,
0.00400000000013,
0.144,
0.21,
0.0619999999999,
0.132,
0.00199999999995,
0.119,
0.0140000000001,
0.0249999999999,
0.00300000000016,
0.059,
0.163,
0.019,
0.077,
0.00399999999991,
0.831,
0.0599999999999,
0.0219999999999,
0.148,
0.00499999999988,
0.00199999999995,
0.028,
0.0140000000001,
0.0129999999999,
0.0940000000001,
0.0119999999999,
0.0119999999999,
0.289,
0.029,
0.0830000000001,
0.0119999999999,
0.246,
0.047,
0.291,
0.239,
0.021,
0.000999999999976,
0.0150000000001,
0.113,
0.652,
0.000999999999976,
0.066,
0.13,
0.113,
0.00899999999979,
0.0340000000001,
0.0119999999999,
0.315,
0.00299999999993,
0.501,
0.0,
0.528,
0.00400000000013,
0.00699999999983,
0.0130000000001,
0.242,
0.00700000000006,
0.12,
0.15,
0.191,
0.059,
0.00900000000001,
0.328,
0.03,
0.088,
0.00400000000013,
0.348,
0.294,
0.168,
0.152,
0.0,
0.232,
0.039,
0.00999999999999,
0.02,
0.018,
0.0139999999999,
0.0160000000001,
0.401,
0.00199999999995,
0.18,
0.0279999999998,
0.516,
0.0,
0.146,
0.339,
0.139,
0.0139999999999,
0.0600000000002,
0.222,
0.195,
0.0430000000001,
0.00199999999995,
0.0239999999999,
0.747,
0.098,
0.011,
0.191,
0.101,
0.0219999999999,
0.131,
0.0159999999998,
0.121,
0.19,
0.104,
0.0330000000001,
0.377,
0.018,
0.155,
0.276,
0.000999999999976,
0.358,
0.0599999999999,
0.00400000000013,
0.067,
0.324,
0.556,
0.429,
0.018,
0.288,
0.2,
0.217,
0.405,
0.00900000000001,
0.145,
0.116,
0.075,
0.465,
0.00600000000009,
0.337,
0.267,
0.066,
0.019,
0.096,
0.257,
0.0120000000002,
0.0349999999999,
0.242,
0.113,
0.000999999999976,
0.027,
0.00399999999991,
0.169,
0.00700000000006,
0.456,
0.00400000000013,
0.00599999999986,
0.0820000000001,
0.000999999999976,
0.108,
0.367,
0.00199999999995,
0.287,
0.0330000000001,
0.272,
0.135,
0.0910000000001,
0.21,
0.534,
0.00399999999991,
0.254,
0.00399999999991,
0.212,
0.392,
0.129,
0.0540000000001,
0.331,
0.00200000000018,
0.153,
0.119,
0.0920000000001,
0.00199999999995,
0.0819999999999,
0.906,
0.342,
0.0940000000001,
0.000999999999976,
0.124,
0.0119999999999,
0.00199999999995,
0.000999999999976,
0.0120000000002,
0.106,
0.097,
0.612,
0.0110000000002,
0.391,
0.235,
0.018,
0.452,
0.342,
0.0799999999999,
0.327,
0.0240000000001,
0.0709999999999,
0.138,
0.0339999999999,
0.207,
0.216,
0.716,
0.00900000000001,
0.0369999999998,
0.153,
0.0810000000001,
0.000999999999976,
0.0,
0.077,
0.018,
0.00399999999991,
0.00900000000001,
0.181,
0.039,
0.0119999999999,
0.495,
0.0519999999999,
0.000999999999976,
0.0920000000001,
0.00499999999988,
0.00800000000004,
0.0170000000001,
0.0719999999999,
0.132,
1.082,
0.0739999999998,
0.405,
0.0210000000002,
0.0559999999998,
0.23,
0.00600000000009,
0.303,
0.0509999999999,
0.382,
0.0839999999998,
0.247,
0.217,
0.535,
1.204,
0.289,
0.0700000000002,
0.00900000000001,
0.0229999999999,
0.189,
0.328,
0.133,
0.0359999999998,
0.708,
0.059,
0.0920000000001,
0.271,
0.028,
0.0829999999999,
0.027,
0.00800000000004,
0.625,
0.0910000000001,
0.0449999999998,
0.581,
0.242,
0.05,
0.066,
0.0239999999999,
0.00700000000006,
0.328,
0.04,
0.0340000000001,
0.113,
0.152,
0.00899999999979,
0.067,
0.0130000000001,
0.112,
0.119,
0.13,
0.038,
0.219,
0.00199999999995,
0.121,
0.231,
0.489,
0.0699999999999,
0.088,
0.196,
0.733,
0.086,
0.134,
0.0809999999999,
0.00999999999999,
0.198,
0.192,
0.441,
0.0119999999999,
0.00900000000001,
0.333,
0.00300000000016,
0.086,
0.077,
0.142,
0.597,
0.019,
0.00700000000006,
0.328,
0.367,
0.0450000000001,
0.389,
0.0129999999999,
0.384,
0.0629999999999,
0.00500000000011,
0.774,
0.00600000000009,
0.00500000000011,
0.51,
0.0709999999999,
0.00600000000009,
0.00199999999995,
0.0309999999999,
0.0329999999999,
0.00700000000006,
0.244,
0.0509999999999,
0.486,
0.135,
0.109,
0.00700000000006,
0.0569999999998,
0.148,
0.018,
0.0650000000001,
0.0819999999999,
0.551,
0.116,
0.165,
0.276,
0.00600000000009,
0.00199999999995,
0.0520000000001,
0.167,
0.0719999999999,
0.276,
0.066,
0.00900000000001,
0.118,
0.123,
0.078,
0.644,
0.00500000000011,
0.0739999999998,
0.685,
0.00200000000018,
0.0459999999998,
0.00200000000018,
0.949,
0.593,
0.12,
0.105,
0.343,
0.03,
0.583,
0.0650000000001,
0.349,
0.0529999999999,
0.176,
0.0619999999999,
0.0540000000001,
0.238,
0.0609999999999,
0.175,
0.178,
0.0449999999998,
0.147,
0.00799999999981,
0.527,
0.0620000000001,
0.134,
0.000999999999976,
0.872,
0.258,
0.156,
0.0010000000002,
0.0369999999998,
0.0740000000001,
0.147,
0.161,
0.00199999999995,
0.0520000000001,
0.0149999999999,
0.429,
0.00399999999991,
0.448,
0.129,
0.000999999999976,
0.362,
0.449,
0.00499999999988,
0.618,
0.302,
0.047,
0.125,
0.252,
0.0,
0.00700000000006,
0.0239999999999,
0.00300000000016,
0.148,
0.085,
0.223,
0.238,
0.0,
0.183,
0.263,
0.0900000000001,
0.242,
0.00699999999983,
0.141,
0.272,
0.00400000000013,
0.163,
0.029,
1.227,
0.349,
0.141,
0.00500000000011,
0.616,
0.05,
0.018,
0.0740000000001,
0.056,
0.212,
0.00999999999999,
0.0909999999999,
0.203,
0.169,
0.00900000000001,
0.0239999999999,
0.056,
0.145,
0.367,
0.326,
0.000999999999976,
0.00500000000011,
0.201,
0.117,
0.00199999999995,
0.125,
0.0519999999999,
0.161,
0.00999999999999,
0.474,
0.0169999999998,
0.174,
0.00200000000018,
0.454,
0.407,
0.29,
0.00600000000009,
0.04,
0.441,
0.0239999999999,
0.195,
0.394,
0.066,
0.00299999999993,
0.00600000000009,
0.247,
0.019,
0.214,
0.297,
0.266,
0.098,
0.0430000000001,
0.087,
0.000999999999976,
0.0519999999999,
0.039,
0.00800000000004,
0.0450000000001,
0.173,
0.00199999999995,
0.0519999999999,
0.0230000000001,
0.419,
0.115,
0.156,
0.0739999999998,
0.038,
0.021,
0.0540000000001,
0.011,
0.19,
0.0250000000001,
0.26,
0.258,
0.0,
0.049,
0.199,
0.018,
0.00999999999999,
0.0419999999999,
0.0700000000002,
0.0359999999998,
0.0390000000002,
0.189,
0.15,
0.011,
0.101,
0.119,
0.17,
0.202,
0.257,
0.011,
0.0240000000001,
0.502,
0.141,
0.038,
0.408,
0.143,
0.0129999999999,
0.049,
0.0540000000001,
0.0240000000001,
0.0849999999998,
0.214,
0.00999999999999,
0.058,
0.221,
0.000999999999976,
0.212,
0.761,
0.0519999999999,
0.159,
0.048,
0.000999999999976,
0.185,
0.00999999999999,
0.0790000000002,
0.402,
0.096,
0.139,
0.14,
0.484,
0.057,
0.184,
0.011,
0.0219999999999,
0.299,
0.039,
0.00800000000004,
0.04,
0.0740000000001,
0.0139999999999,
0.347,
0.103,
0.0540000000001,
0.000999999999976,
0.0139999999999,
0.743,
0.00999999999999,
0.037,
0.255,
0.047,
0.355,
0.028,
0.059,
0.291,
0.285,
0.265,
0.0780000000002,
0.166,
0.00199999999995,
0.0840000000001,
0.098,
0.228,
0.037,
0.185,
0.0609999999999,
0.000999999999976,
0.188,
0.469,
0.0179999999998,
0.236,
0.0229999999999,
0.0940000000001,
0.00600000000009,
0.238,
0.00799999999981,
0.102,
0.375,
0.0129999999999,
0.204,
0.468,
0.018,
0.505,
0.249,
0.0140000000001,
0.213,
0.00199999999995,
0.238,
0.046,
0.775,
0.375,
0.452,
0.183,
0.252,
0.492,
0.0529999999999,
0.384,
0.00900000000001,
0.00300000000016,
0.04,
0.516,
0.546,
0.019,
0.254,
0.0339999999999,
0.686,
0.298,
0.00300000000016,
0.317,
0.184,
1.143,
0.186,
0.00800000000004,
0.257,
0.256,
0.391,
1.294,
0.0310000000002,
0.182,
0.0989999999999,
0.583,
0.00399999999991,
0.13,
0.0120000000002,
0.03,
0.659,
0.595,
0.242,
0.12,
0.456,
0.386,
0.0340000000001,
0.0720000000001,
0.0189999999998,
0.0540000000001,
0.000999999999976,
0.14,
0.702,
0.0409999999999,
0.151,
0.348,
0.418,
0.00200000000018,
0.049,
0.00199999999995,
0.129,
0.146,
0.04,
0.921,
0.166,
0.0839999999998,
0.149,
0.0540000000001,
0.00199999999995,
0.236,
0.0410000000002,
0.266,
0.00999999999999,
0.0160000000001,
0.323,
0.00199999999995,
0.0139999999999,
0.321,
0.0229999999999,
0.26,
0.00399999999991,
0.22,
0.0630000000001,
0.0219999999999,
0.205,
0.00600000000009,
0.277,
0.421,
0.107,
0.243,
0.431,
0.237,
0.00999999999999,
0.0339999999999,
0.556,
0.0450000000001,
0.259,
0.342,
0.167,
0.162,
0.299,
0.0130000000001,
0.00399999999991,
0.307,
0.0240000000001,
0.562,
0.0240000000001,
0.195,
0.374,
0.257,
0.178,
0.639,
0.0150000000001,
0.00800000000004,
0.078,
0.00800000000004,
0.24,
0.389,
0.219,
0.452,
0.0340000000001,
0.000999999999976,
0.22,
0.0309999999999,
0.0129999999999,
0.00500000000011,
0.029,
0.00399999999991,
0.271,
0.0160000000001,
0.104,
0.252,
0.319,
0.0309999999999,
0.174,
0.0010000000002,
0.454,
0.163,
0.154,
0.104,
0.367,
0.03,
0.021,
0.186,
0.149,
0.583,
0.831,
0.0229999999999,
0.0120000000002,
0.048,
0.0159999999998,
0.258,
0.194,
0.202,
0.153,
0.0509999999999,
0.212,
1.053,
0.128,
0.367,
0.106,
0.0210000000002,
0.0,
0.047,
0.0169999999998,
0.179,
0.00499999999988,
0.182,
0.0740000000001,
0.038,
0.0139999999999,
0.0130000000001,
0.208,
0.095,
0.068,
0.029,
0.038,
0.0400000000002,
0.178,
0.382,
0.174,
0.00700000000006,
0.097,
0.181,
0.0129999999999,
0.000999999999976,
0.03,
0.086,
0.0,
0.167,
0.736,
0.04,
0.011,
0.207,
0.00599999999986,
0.38,
0.267,
0.107,
0.182,
0.0239999999999,
0.028,
0.00800000000004,
0.000999999999976,
0.066,
0.142,
0.113,
0.00300000000016,
0.495,
0.000999999999976,
0.156,
0.378,
0.202,
0.0139999999999,
0.00600000000009,
0.00700000000006,
0.648,
0.418,
0.602,
0.00900000000001,
0.086,
0.02,
0.129,
0.00599999999986,
0.0930000000001,
0.344,
0.169,
0.00800000000004,
0.0440000000001,
1.263,
0.103,
0.00299999999993,
0.344,
0.17,
0.0400000000002,
0.00499999999988,
0.0340000000001,
0.741,
0.267,
0.166,
0.753,
0.011,
0.068,
0.00200000000018,
0.0999999999999,
0.201,
0.011,
0.021,
0.193,
0.00300000000016,
0.0169999999998,
0.04,
0.678,
0.213,
0.058,
0.336,
0.00299999999993,
0.0010000000002,
0.119,
0.133,
0.0129999999999,
0.000999999999976,
0.791,
0.0120000000002,
0.069,
0.0149999999999,
0.00200000000018,
0.23,
0.00199999999995,
0.0159999999998,
0.0260000000001,
0.818,
0.125,
0.183,
0.0220000000002,
0.109,
0.057,
0.0119999999999,
0.0350000000001,
0.029,
0.424,
0.124,
0.086,
0.059,
0.00199999999995,
0.395,
0.0650000000001,
0.049,
0.213,
0.215,
0.00500000000011,
0.0630000000001,
0.306,
0.0230000000001,
0.111,
0.571,
0.00699999999983,
0.122,
0.809,
0.216,
0.214,
0.0,
0.234,
0.145,
0.0720000000001,
0.0149999999999,
0.475,
0.278,
0.02,
0.00399999999991,
0.689,
0.199,
0.0329999999999,
0.0,
0.31,
0.00600000000009,
0.295,
0.0169999999998,
0.528,
0.0130000000001,
0.262,
0.00999999999999,
0.566,
0.236,
0.0240000000001,
0.209,
0.334,
0.0510000000002,
0.0119999999999,
0.374,
0.166,
0.412,
0.541,
0.058,
0.178,
0.141,
0.196,
0.00399999999991,
0.452,
0.000999999999976,
0.0810000000001,
0.354,
0.34,
0.134,
0.018,
0.0459999999998,
0.334,
0.0409999999999,
0.269,
0.00800000000004,
0.102,
0.00999999999999,
0.183,
0.569,
0.00999999999999,
0.00199999999995,
0.00600000000009,
0.836,
0.079,
0.00199999999995,
0.575,
0.00900000000001,
0.027,
0.0319999999999,
0.516,
0.254,
0.0119999999999,
0.499,
0.107,
0.0690000000002,
0.0809999999999,
0.0,
0.118,
0.343,
0.105,
0.265,
0.00299999999993,
0.0650000000001,
0.633,
0.00200000000018,
0.151,
0.037,
0.278,
0.0119999999999,
0.399,
0.161,
0.0,
0.0449999999998,
0.0230000000001,
0.608,
0.0119999999999,
0.000999999999976,
0.123,
0.0619999999999,
0.0550000000001,
0.441,
0.0540000000001,
0.637,
0.079,
0.13,
0.0739999999998,
0.0830000000001,
0.22,
0.0119999999999,
0.305,
0.0339999999999,
0.0310000000002,
0.000999999999976,
0.548,
0.196,
0.046,
0.0360000000001,
0.00399999999991,
0.00700000000006,
0.976,
0.011,
0.174,
0.478,
0.00300000000016,
0.077,
0.087,
0.00499999999988,
0.143,
0.000999999999976,
0.446,
0.00500000000011,
0.0909999999999,
0.43,
0.438,
0.112,
0.00700000000006,
0.411,
0.00999999999999,
0.0319999999999,
0.000999999999976,
0.14,
0.274,
0.391,
0.912,
0.512,
0.098,
0.416,
0.0,
0.0179999999998,
0.126,
0.371,
0.00500000000011,
0.744,
0.0219999999999,
0.296,
0.41,
0.00800000000004,
0.108,
0.059,
0.00700000000006,
0.00499999999988,
0.000999999999976,
0.102,
0.146,
0.00700000000006,
0.42,
0.0970000000002,
0.521,
0.077,
0.019,
0.627,
0.266,
0.52,
0.325,
0.0360000000001,
0.101,
0.0,
0.426,
0.411,
0.515,
0.00600000000009,
0.0450000000001,
0.251,
0.00800000000004,
0.0249999999999,
0.087,
0.00199999999995,
0.262,
0.0449999999998,
0.495,
0.00999999999999,
0.685,
0.218,
0.753,
0.208,
0.384,
0.568,
0.191,
0.067,
0.0409999999999,
0.021,
0.087,
0.116,
0.0930000000001,
0.151,
0.136,
0.465,
0.119,
0.284,
0.178,
0.547,
0.191,
0.26,
0.193,
0.057,
0.199,
0.143,
0.000999999999976,
0.0,
0.0129999999999,
0.12,
0.0619999999999,
0.00600000000009,
0.0170000000001,
0.3,
0.00299999999993,
0.00299999999993,
0.125,
0.00700000000006,
0.0360000000001,
0.00600000000009,
0.114,
0.00999999999999,
0.134,
0.00700000000006,
0.0899999999999,
0.00500000000011,
0.237,
0.04,
0.225,
0.00299999999993,
0.253,
0.189,
0.119,
0.102,
0.707,
0.046,
0.183,
0.095,
0.0,
0.0159999999998,
0.402,
0.439,
0.0989999999999,
0.118,
0.151,
0.198,
0.0439999999999,
0.148,
0.0439999999999,
0.123,
0.253,
0.056,
0.167,
0.0170000000001,
0.256,
0.0170000000001,
0.0,
0.19,
0.263,
0.0809999999999,
0.167,
0.148,
0.00700000000006,
0.0159999999998,
0.631,
0.0229999999999,
0.433,
0.00700000000006,
0.0520000000001,
0.011,
0.382,
0.00700000000006,
0.203,
0.1,
0.315,
0.0710000000001,
0.483,
0.132,
0.00399999999991,
0.039,
0.104,
0.0599999999999,
0.434,
0.000999999999976,
0.389,
0.0339999999999,
0.135,
0.02,
0.0339999999999,
0.252,
0.12,
0.143,
0.241,
0.137,
0.199,
0.469,
0.0260000000001,
0.0620000000001,
0.028,
0.097,
0.297,
0.011,
0.0529999999999,
0.214,
0.00400000000013,
0.038,
0.0229999999999,
0.101,
0.0239999999999,
0.0140000000001,
0.0359999999998,
0.136,
0.0329999999999,
0.066,
0.00499999999988,
0.00300000000016,
0.101,
0.715,
0.0159999999998,
0.00600000000009,
0.146,
0.00500000000011,
0.714,
0.00599999999986,
0.0010000000002,
0.251,
0.0,
0.0259999999998,
0.142,
0.395,
0.0900000000001,
0.00199999999995,
0.0929999999998,
0.0820000000001,
0.227,
0.357,
0.00199999999995,
0.078,
0.056,
0.0139999999999,
0.019,
0.00400000000013,
0.00599999999986,
0.447,
0.222,
0.00499999999988,
0.0940000000001,
0.103,
0.113,
0.905,
0.35,
0.38,
0.00199999999995,
0.0419999999999,
0.00400000000013,
0.504,
0.0160000000001,
0.123,
0.049,
0.228,
0.291,
0.098,
0.364,
0.693,
0.168,
0.00500000000011,
0.246,
0.067,
0.00700000000006,
0.142,
0.108,
0.00399999999991,
0.201,
0.00200000000018,
0.338,
0.14,
0.415,
0.0840000000001,
0.142,
0.0149999999999,
0.27,
0.039,
0.482,
0.068,
0.00599999999986,
0.00700000000006,
0.0599999999999,
0.0,
0.122,
0.0150000000001,
0.011,
0.334,
0.439,
0.207,
0.483,
0.315,
0.598,
0.0719999999999,
0.00300000000016,
0.115,
0.0599999999999,
0.746,
0.00200000000018,
0.0319999999999,
0.674,
0.306,
0.079,
0.221,
0.0799999999999,
0.00400000000013,
0.432,
0.00999999999999,
0.00399999999991,
0.377,
0.066,
0.0930000000001,
0.0260000000001,
0.028,
0.00799999999981,
0.0440000000001,
0.00500000000011,
0.157,
0.212,
0.00199999999995,
0.215,
0.00500000000011,
0.782,
0.346,
0.00600000000009,
0.334,
0.00499999999988,
0.0509999999999,
0.123,
0.448,
0.068,
0.038,
0.056,
0.000999999999976,
0.478,
0.02,
0.913,
0.117,
0.217,
0.00700000000006,
0.13,
0.198,
0.00500000000011,
0.485,
0.0440000000001,
0.209,
0.0540000000001,
0.153,
0.493,
0.185,
0.163,
0.00600000000009,
0.125,
0.101,
0.00399999999991,
0.0629999999999,
0.0290000000002,
0.484,
0.878,
0.096,
0.502,
0.0400000000002,
0.000999999999976,
0.136,
0.168,
0.185,
0.278,
0.25,
0.0440000000001,
0.315,
0.629,
0.066,
0.0340000000001,
0.0169999999998,
0.098,
0.264,
0.194,
0.0989999999999,
0.00500000000011,
0.0440000000001,
0.00799999999981,
0.308,
0.0,
0.211,
0.0130000000001,
0.266,
0.92,
0.00900000000001,
0.438,
0.624,
0.0170000000001,
0.0930000000001,
0.0529999999999,
0.0500000000002,
0.0159999999998,
0.777,
0.182,
0.021,
0.106,
1.074,
0.185,
0.00700000000006,
1.086,
0.047,
0.215,
0.0129999999999,
0.947,
0.00199999999995,
0.322,
0.00199999999995,
0.095,
0.000999999999976,
0.069,
0.195,
0.458,
0.0,
0.00999999999999,
0.394,
0.829,
0.16,
0.00299999999993,
0.05,
0.702,
0.03,
0.256,
0.233,
0.0160000000001,
0.256,
0.0550000000001,
0.701,
0.00900000000001,
0.924,
0.34,
0.0189999999998,
0.00400000000013,
0.00800000000004,
0.441,
0.0539999999999,
0.18,
0.00199999999995,
0.212,
0.376,
0.077,
0.11,
0.421,
0.694,
0.00299999999993,
0.184,
0.00400000000013,
0.109,
0.135,
0.00199999999995,
0.097,
0.0260000000001,
0.221,
0.903,
0.0360000000001,
0.0989999999999,
0.00299999999993,
0.085,
0.0509999999999,
0.028,
0.273,
0.00799999999981,
0.117,
0.382,
0.00500000000011,
0.027,
0.0899999999999,
0.432,
0.71,
0.00700000000006,
0.244,
0.104,
0.000999999999976,
0.41,
0.426,
0.028,
0.107,
0.166,
0.00800000000004,
0.351,
0.00400000000013,
0.12,
0.139,
0.066,
0.0409999999999,
0.0409999999999,
0.039,
0.679,
0.086,
0.00499999999988,
0.718,
0.00299999999993,
0.256,
0.02,
0.00900000000001,
0.139,
0.00300000000016,
0.129,
0.16,
0.193,
0.246,
0.0,
0.108,
0.095,
0.0149999999999,
0.018,
0.021,
0.301,
0.0980000000002,
0.00499999999988,
0.143,
0.19,
0.0639999999999,
0.548,
0.424,
0.0549999999998,
1.214,
0.247,
0.229,
0.075,
1.017,
0.0329999999999,
0.038,
0.404,
0.00299999999993,
0.0510000000002,
0.03,
0.291,
0.231,
0.00500000000011,
0.0599999999999,
0.00299999999993,
0.132,
0.0339999999999,
0.436,
0.164,
0.00800000000004,
0.00399999999991,
0.056,
0.269,
0.0909999999999,
0.392,
0.0429999999999,
0.0790000000002,
0.0829999999999,
0.0230000000001,
0.414,
0.00599999999986,
0.156,
0.316,
0.0329999999999,
0.0119999999999,
0.069,
0.0,
0.0360000000001,
0.604,
0.117,
0.00800000000004,
0.254,
0.000999999999976,
0.048,
0.135,
0.429,
0.267,
0.151,
0.0989999999999,
0.191,
0.0129999999999,
0.464,
0.236,
0.05,
0.0409999999999,
0.312,
0.122,
0.178,
0.000999999999976,
0.158,
0.0149999999999,
0.011,
0.078,
0.0250000000001,
0.0239999999999,
0.182,
0.039,
0.0110000000002,
0.0,
0.00199999999995,
0.121,
0.0310000000002,
0.00199999999995,
0.00299999999993,
0.127,
0.154,
0.03,
0.191,
0.115,
0.0,
0.111,
0.326,
0.241,
0.0509999999999,
0.449,
0.176,
0.00399999999991,
0.328,
0.0349999999999,
0.000999999999976,
0.718,
0.54,
0.0119999999999,
0.384,
0.00200000000018,
0.0359999999998,
0.377,
0.18,
0.247,
0.00299999999993,
0.28,
0.037,
0.74,
0.0130000000001,
0.149,
0.378,
0.0240000000001,
0.068,
0.00600000000009,
0.446,
0.562,
0.351,
0.226,
0.143,
0.143,
0.00900000000001,
0.524,
0.676,
0.0,
0.192,
0.0249999999999,
0.0300000000002,
0.0549999999998,
0.078,
0.304,
0.00600000000009,
0.249,
0.0819999999999,
0.0119999999999,
0.354,
0.115,
0.427,
0.341,
0.0119999999999,
0.228,
0.0219999999999,
0.392,
0.664,
0.047,
0.0229999999999,
0.0,
0.643,
0.194,
0.0990000000002,
0.0659999999998,
0.454,
0.00399999999991,
0.0219999999999,
0.14,
0.107,
0.0219999999999,
0.701,
0.399,
0.607,
0.00399999999991,
0.02,
0.0810000000001,
0.047,
0.104,
0.029,
0.0429999999999,
0.00700000000006,
0.00999999999999,
0.149,
0.536,
0.447,
0.0169999999998,
0.0450000000001,
0.00499999999988,
0.251,
0.549,
0.0249999999999,
0.0410000000002,
0.00199999999995,
0.0809999999999,
0.186,
0.155,
0.00299999999993,
0.028,
0.00700000000006,
1.356,
0.00399999999991,
0.247,
0.26,
0.119,
0.000999999999976,
0.0150000000001,
0.111,
0.344,
0.088,
0.0450000000001,
0.0840000000001,
0.224,
0.0139999999999,
0.168,
0.778,
0.00299999999993,
0.0940000000001,
0.115,
0.03,
0.17,
0.0,
0.0269999999998,
0.113,
0.497,
0.101,
0.204,
0.0139999999999,
0.304,
0.226,
0.0,
0.059,
0.0810000000001,
0.25,
0.0170000000001,
0.0269999999998,
0.00900000000001,
0.00500000000011,
1.054,
0.048,
0.00200000000018,
0.193,
0.000999999999976,
0.288,
0.118,
0.761,
0.049,
0.011,
0.075,
0.0330000000001,
0.102,
0.085,
0.011,
0.192,
0.152,
0.355,
0.244,
0.0140000000001,
0.417,
0.019,
0.209,
0.147,
0.0,
0.873,
0.108,
0.443,
0.00199999999995,
0.336,
0.254,
0.00599999999986,
0.102,
0.101,
0.124,
0.0260000000001,
0.0699999999999,
0.656,
0.0549999999998,
0.759,
0.249,
0.63,
0.00800000000004,
0.0659999999998,
0.039,
0.0820000000001,
0.29,
0.109,
0.00600000000009,
0.115,
0.00299999999993,
0.165,
0.00599999999986,
0.145,
0.048,
0.677,
0.134,
0.103,
0.0220000000002,
0.24,
0.0179999999998,
0.0620000000001,
0.0119999999999,
0.264,
0.00499999999988,
0.0630000000001,
0.17,
0.101,
0.0,
0.194,
0.18,
0.171,
0.00299999999993,
0.134,
0.277,
0.0,
0.367,
0.342,
0.232,
0.0120000000002,
0.134,
0.197,
0.158,
0.671,
0.0450000000001,
0.346,
0.00600000000009,
0.0369999999998,
0.103,
0.0409999999999,
0.00400000000013,
0.0319999999999,
0.0140000000001,
0.166,
0.0999999999999,
0.021,
0.0340000000001,
0.143,
0.147,
0.000999999999976,
0.095,
0.127,
0.0940000000001,
0.34,
0.355,
0.018,
0.0260000000001,
0.105,
0.0129999999999,
0.162,
0.396,
0.132,
0.3,
0.333,
0.011,
0.114,
0.00199999999995,
0.142,
0.95,
0.0349999999999,
0.327,
0.0550000000001,
0.066,
0.0360000000001,
0.011,
0.056,
0.65,
0.00700000000006,
0.27,
0.13,
0.00299999999993,
0.252,
0.018,
0.288,
0.118,
0.173,
0.00400000000013,
0.0409999999999,
0.106,
0.0740000000001,
0.567,
0.0120000000002,
0.192,
0.038,
0.00399999999991,
0.256,
0.125,
0.182,
0.385,
0.018,
0.0539999999999,
0.00299999999993,
0.374,
0.704,
0.00399999999991,
0.348,
0.366,
0.011,
0.00300000000016,
0.0,
0.144,
0.245,
0.228,
0.019,
0.00399999999991,
0.22,
0.426,
0.0160000000001,
0.018,
0.345,
0.0349999999999,
0.0250000000001,
1.105,
0.311,
0.00500000000011,
0.0239999999999,
0.0400000000002,
0.134,
0.0340000000001,
0.163,
0.224,
0.443,
0.0990000000002,
0.0509999999999,
0.0229999999999,
0.203,
0.0610000000001,
0.000999999999976,
0.0170000000001,
0.559,
0.253,
0.056,
0.00499999999988,
0.178,
0.553,
0.327,
0.00900000000001,
0.339,
0.214,
0.354,
0.124,
0.0119999999999,
0.568,
0.0819999999999,
0.0330000000001,
1.091,
0.0150000000001,
0.858,
0.654,
0.212,
0.000999999999976,
0.155,
0.187,
0.866,
1.056,
0.0129999999999,
0.049,
0.018,
0.393,
0.417,
1.132,
0.0119999999999,
0.152,
0.0899999999999,
0.0420000000001,
0.474,
0.114,
0.251,
0.00700000000006,
0.0930000000001,
1.024,
0.00900000000001,
0.18,
0.202,
0.0899999999999,
0.303,
1.215,
0.21,
0.26,
0.0339999999999,
0.0220000000002,
0.64,
0.201,
0.039,
0.786,
0.343,
0.00399999999991,
0.0160000000001,
0.00199999999995,
0.701,
0.019,
0.231,
0.075,
0.00299999999993,
0.108,
0.484,
0.116,
0.298,
0.0160000000001,
0.068,
0.226,
0.131,
0.00400000000013,
0.153,
0.0239999999999,
0.138,
0.145,
0.319,
0.346,
0.0619999999999,
0.0360000000001,
0.486,
0.0200000000002,
0.492,
0.00199999999995,
0.258,
0.0,
0.449,
0.0720000000001,
0.211,
0.00399999999991,
0.23,
0.0740000000001,
0.608,
0.0509999999999,
0.086,
0.0330000000001,
0.363,
0.773,
0.0,
0.066,
0.271,
0.161,
0.00800000000004,
0.405,
0.00900000000001,
0.112,
0.00300000000016,
0.815,
0.688,
0.111,
0.0110000000002,
0.000999999999976,
0.00599999999986,
0.633,
0.046,
0.413,
0.482,
0.801,
0.591,
0.129,
0.174,
0.00200000000018,
0.232,
0.0699999999999,
0.00199999999995,
0.314,
0.00399999999991,
0.408,
0.183,
0.223,
0.0219999999999,
0.0820000000001,
0.00999999999999,
0.233,
0.000999999999976,
0.33,
0.00600000000009,
0.338,
0.214,
0.038,
0.00200000000018,
0.736,
0.000999999999976,
0.751,
0.443,
0.00900000000001,
0.791,
0.011,
0.028,
0.0129999999999,
0.666,
0.377,
0.544,
0.000999999999976,
0.203,
0.0,
0.388,
0.086,
0.0699999999999,
0.00800000000004,
0.178,
0.049,
0.0120000000002,
0.173,
0.00399999999991,
0.115,
0.0609999999999,
0.33,
0.108,
0.339,
0.333,
0.019,
0.122,
0.000999999999976,
0.374,
0.48,
0.039,
0.057,
0.0,
0.393,
0.303,
0.069,
0.04,
0.127,
0.0,
0.223,
0.357,
0.26,
0.366,
0.34,
0.0,
0.0820000000001,
0.0329999999999,
0.0640000000001,
0.0359999999998,
1.324,
0.021,
0.12,
0.111,
0.199,
0.133,
0.118,
0.433,
0.0450000000001,
0.189,
0.163,
0.00300000000016,
0.56,
0.00600000000009,
0.019,
0.117,
0.0509999999999,
0.44,
0.297,
0.00699999999983,
0.143,
0.0230000000001,
0.0609999999999,
0.0799999999999,
0.088,
0.048,
0.453,
0.0839999999998,
0.038,
0.193,
0.309,
0.131,
0.453,
0.332,
0.0,
0.331,
0.488,
0.03,
0.0650000000001,
0.00299999999993,
0.204,
0.312,
0.011,
0.143,
0.462,
0.252,
0.408,
0.0140000000001,
0.376,
0.00800000000004,
0.046,
0.148,
0.00500000000011,
0.00299999999993,
0.422,
0.979,
0.0539999999999,
0.019,
0.482,
0.0340000000001,
0.996,
0.0250000000001,
0.00500000000011,
0.0159999999998,
0.0340000000001,
0.109,
0.223,
0.00900000000001,
0.102,
0.961,
0.00800000000004,
0.0279999999998,
0.342,
0.0,
0.146,
0.402,
0.00900000000001,
0.581,
0.00300000000016,
0.829,
0.114,
0.00299999999993,
0.0250000000001,
0.0639999999999,
0.273,
0.8,
0.35,
0.049,
0.0360000000001,
0.622,
0.00599999999986,
0.076,
0.335,
0.00400000000013,
0.769,
0.104,
0.0630000000001,
0.711,
0.058,
0.00600000000009,
0.00799999999981,
0.224,
0.356,
0.0809999999999,
0.555,
0.00700000000006,
0.00599999999986,
0.098,
0.106,
0.0,
0.00900000000001,
0.248,
0.05,
0.00900000000001,
0.0150000000001,
0.218,
0.0239999999999,
1.351,
0.0759999999998,
0.589,
0.25,
0.02,
0.011,
0.285,
0.00599999999986,
0.424,
0.246,
0.0719999999999,
0.372,
0.00399999999991,
0.224,
0.261,
0.0439999999999,
0.375,
0.283,
0.000999999999976,
0.00700000000006,
0.000999999999976,
0.0249999999999,
0.0110000000002,
0.174,
0.011,
0.0349999999999,
0.00600000000009,
0.037,
0.211,
0.021,
0.00199999999995,
0.0140000000001,
0.0329999999999,
0.554,
0.096,
0.047,
0.0359999999998,
0.0410000000002,
0.445,
0.313,
0.00799999999981,
0.0240000000001,
0.00999999999999,
0.076,
0.00800000000004,
0.00399999999991,
0.482,
0.0240000000001,
0.192,
0.658,
0.027,
0.252,
0.152,
0.00999999999999,
0.029,
0.441,
0.171,
0.317,
0.00699999999983,
0.288,
0.374,
0.0260000000001,
0.00999999999999,
0.0329999999999,
0.057,
0.0840000000001,
0.00600000000009,
0.12,
0.371,
0.243,
0.00800000000004,
0.132,
0.0590000000002,
0.671,
0.587,
0.0350000000001,
0.0999999999999,
0.147,
0.325,
0.319,
0.046,
0.0,
0.203,
0.184,
0.126,
0.04,
0.00600000000009,
0.0119999999999,
0.096,
0.0799999999999,
0.00199999999995,
0.0410000000002,
0.021,
0.71,
0.00800000000004,
0.56,
0.649,
0.715,
0.018,
0.624,
0.166,
0.0139999999999,
0.831,
0.00199999999995,
0.275,
0.205,
0.298,
0.00499999999988,
0.039,
0.153,
0.101,
0.0749999999998,
0.346,
0.362,
0.00500000000011,
0.021,
0.269,
0.364,
0.305,
0.027,
0.183,
0.000999999999976,
0.167,
0.000999999999976,
0.0699999999999,
0.114,
0.019,
0.0940000000001,
0.348,
0.0239999999999,
0.234,
0.00999999999999,
0.283,
0.149,
0.13,
0.172,
0.155,
0.58,
0.105,
0.0010000000002,
0.198,
0.069,
0.0160000000001,
0.00900000000001,
0.359,
0.207,
0.00999999999999,
0.213,
0.759,
0.059,
0.207,
0.00399999999991,
0.117,
0.00199999999995,
0.158,
0.13,
0.00600000000009,
0.096,
0.16,
0.0449999999998,
0.04,
0.0610000000001,
0.218,
0.313,
0.088,
0.0160000000001,
0.00700000000006,
0.204,
0.566,
0.029,
0.00499999999988,
0.00800000000004,
0.112,
0.128,
0.0229999999999,
0.171,
0.00400000000013,
0.31,
0.325,
0.0899999999999,
0.124,
0.0,
0.292,
0.00199999999995,
0.111,
0.037,
0.957,
0.18,
0.0150000000001,
0.0419999999999,
0.00299999999993,
0.00999999999999,
0.204,
0.282,
0.00299999999993,
0.0900000000001,
0.852,
0.317,
0.243,
0.133,
0.165,
0.039,
0.246,
0.00800000000004,
0.22,
0.0999999999999,
0.314,
0.273,
0.774,
0.43,
0.00300000000016,
0.14,
0.242,
0.00300000000016,
0.00399999999991,
0.527,
0.0219999999999,
0.00999999999999,
0.262,
0.00899999999979,
0.156,
0.00699999999983,
0.0720000000001,
0.0119999999999,
0.609,
0.126,
0.02,
0.00900000000001,
0.32,
0.00800000000004,
0.00499999999988,
0.394,
0.266,
0.0170000000001,
0.498,
0.00700000000006,
0.0630000000001,
0.05,
0.455,
0.011,
0.075,
0.0170000000001,
0.103,
0.395,
0.747,
0.00400000000013,
0.389,
0.018,
0.076,
0.00700000000006,
0.159,
0.0150000000001,
0.121,
0.00600000000009,
0.14,
0.962,
0.264,
0.0550000000001,
0.274,
0.573,
0.156,
0.288,
0.701,
0.381,
0.379,
0.0930000000001,
0.018,
0.104,
0.00999999999999,
0.00200000000018,
0.442,
0.00900000000001,
0.097,
0.112,
0.239,
0.598,
0.51,
0.00400000000013,
0.105,
0.153,
0.857,
0.000999999999976,
0.329,
0.0140000000001,
0.118,
0.0219999999999,
0.085,
0.257,
0.15,
1.205,
0.173,
0.078,
0.166,
0.0,
0.126,
0.098,
0.212,
0.00200000000018,
0.14,
0.0,
0.686,
0.0,
0.161,
0.03,
0.000999999999976,
0.197,
0.0740000000001,
0.124,
0.187,
0.139,
0.325,
0.047,
0.114,
0.406,
0.189,
0.187,
0.46,
0.0730000000001,
0.0619999999999,
0.038,
0.00600000000009,
0.0119999999999,
0.197,
0.0650000000001,
0.227,
0.11,
0.418,
0.00399999999991,
0.214,
0.086,
0.00700000000006,
0.161,
0.00299999999993,
0.344,
0.011,
0.311,
0.0360000000001,
0.00299999999993,
0.0730000000001,
0.00299999999993,
0.037,
0.73,
0.171,
0.147,
0.56,
0.184,
0.383,
0.0720000000001,
0.011,
0.213,
0.0840000000001,
0.279,
0.688,
0.203,
0.0169999999998,
0.0540000000001,
0.00800000000004,
0.514,
0.109,
0.00699999999983,
0.162,
0.0430000000001,
0.335,
0.108,
0.078,
0.422,
0.0170000000001,
0.207,
0.00399999999991,
0.288,
0.0160000000001,
0.238,
0.298,
0.00199999999995,
0.0540000000001,
0.0739999999998,
0.00999999999999,
0.0320000000002,
0.0,
0.436,
0.000999999999976,
0.00900000000001,
0.195,
0.0110000000002,
0.124,
0.00600000000009,
0.0899999999999,
0.0810000000001,
0.0599999999999,
0.00399999999991,
0.0410000000002,
0.000999999999976,
0.0419999999999,
0.291,
0.0420000000001,
0.00800000000004,
0.0599999999999,
0.155,
0.0450000000001,
0.0159999999998,
0.244,
0.00599999999986,
0.501,
0.393,
0.138,
0.102,
0.178,
0.0319999999999,
0.117,
0.291,
0.378,
0.056,
0.057,
0.03,
0.0989999999999,
0.0440000000001,
0.148,
0.0170000000001,
0.137,
0.158,
0.0540000000001,
0.0340000000001,
0.0449999999998,
0.332,
0.0260000000001,
0.00799999999981,
0.0450000000001,
0.0519999999999,
0.184,
0.144,
0.00799999999981,
0.00700000000006,
0.087,
0.291,
0.0730000000001,
0.415,
0.00700000000006,
0.0629999999999,
0.159,
0.0820000000001,
0.528,
0.222,
0.249,
0.111,
0.0119999999999,
0.137,
0.0010000000002,
0.039,
0.000999999999976,
0.0809999999999,
0.113,
0.16,
0.242,
0.00399999999991,
0.037,
0.403,
0.0519999999999,
0.00700000000006,
0.201,
0.0,
0.0509999999999,
0.095,
0.00600000000009,
0.0609999999999,
0.03,
0.854,
0.0360000000001,
0.0,
0.258,
0.133,
0.272,
0.359,
0.000999999999976,
0.011,
0.624,
0.137,
0.019,
0.00500000000011,
0.107,
0.197,
0.048,
0.00199999999995,
0.095,
0.341,
0.0720000000001,
0.896,
0.0529999999999,
0.127,
0.249,
0.231,
0.344,
0.011,
0.057,
0.0,
0.671,
0.00199999999995,
0.148,
0.432,
0.000999999999976,
0.225,
0.0330000000001,
0.00199999999995,
0.226,
0.00400000000013,
0.0139999999999,
0.04,
0.22,
0.00800000000004,
0.376,
1.057,
0.274,
0.097,
0.00399999999991,
0.179,
1.056,
0.357,
0.0,
0.0469999999998,
0.127,
0.087,
0.277,
0.00199999999995,
0.308,
0.00499999999988,
0.195,
0.0149999999999,
0.122,
0.00999999999999,
0.398,
0.0410000000002,
0.295,
0.287,
0.186,
0.369,
0.346,
0.00299999999993,
0.085,
0.00199999999995,
0.429,
0.221,
0.711,
0.348,
0.341,
0.138,
0.0159999999998,
0.544,
0.00299999999993,
0.0420000000001,
0.515,
0.729,
0.0920000000001,
0.632,
